TT,Origine,Destination,Reason,WP_debut,WP_fin,FP_debut,FP_fin,Transporteur
TT0,S0,S2,Transport OF=OF2 TF=TF2,8,14,8,14,TR2
TT1,S2,S1,Transport OF=OF2 TF=TF2,14,19,14,19,TR1
TT2,S0,S2,Transport OF=OF1 TF=TF3,8,14,14,20,TR2
TT3,S2,S1,Transport OF=OF1 TF=TF3,14,19,20,25,TR1
TT4,S1,S2,Transport OF=OF3 TF=TF3,18,23,25,30,TR1
TT5,S1,S2,Transport OF=OF5 TF=TF3,27,32,30,35,TR1
TT6,S1,S2,Transport OF=OF1 TF=TF4,33,38,35,40,TR1
TT7,S2,S1,Transport OF=OF3 TF=TF5,55,60,55,60,TR1
TT8,S2,S1,Transport OF=OF5 TF=TF5,58,63,60,65,TR1
TT9,S1,S2,Transport OF=OF5 TF=TF6,70,75,70,75,TR1
TT10,S2,S0,Transport OF=OF5 TF=TF6,75,81,75,81,TR2
TT11,S2,S0,Transport OF=OF6 TF=TF2,28,34,28,34,TR2
TT12,S0,S2,Transport OF=OF6 TF=TF3,43,49,43,49,TR2
TT13,S2,S1,Transport OF=OF6 TF=TF3,49,54,49,54,TR1
TT14,S1,S2,Transport OF=OF2 TF=TF3,24,29,40,45,TR1
TT15,S2,S1,Transport OF=OF2 TF=TF4,69,74,75,80,TR1
TT16,S1,S2,Transport OF=OF2 TF=TF6,97,102,97,102,TR1
TT17,S2,S0,Transport OF=OF2 TF=TF6,102,108,102,108,TR2
TT18,S0,S2,Transport OF=OF4 TF=TF2,20,26,20,26,TR2
TT19,S2,S0,Transport OF=OF4 TF=TF3,80,86,81,87,TR2
TT20,S0,S2,Transport OF=OF4 TF=TF6,105,111,108,114,TR2
TT21,S2,S1,Transport OF=OF4 TF=TF6,111,116,114,119,TR1
