{
  "TF": [
    {"of":"OF1","tf":"TF1","wp":{"start":0,"end":14},"fp":{"start":0,"end":3,"res":"M11"}},
    {"of":"OF2","tf":"TF1","wp":{"start":0,"end":26},"fp":{"start":3,"end":8,"res":"M11"}},
    {"of":"OF3","tf":"TF1","wp":{"start":0,"end":40},"fp":{"start":0,"end":10,"res":"M21"}},
    {"of":"OF4","tf":"TF1","wp":{"start":10,"end":48},"fp":{"start":10,"end":20,"res":"M12"}},
    {"of":"OF5","tf":"TF1","wp":{"start":15,"end":47},"fp":{"start":15,"end":22,"res":"M21"}},
    {"of":"OF6","tf":"TF1","wp":{"start":20,"end":55},"fp":{"start":20,"end":28,"res":"M31"}},
    {"of":"OF1","tf":"TF2","wp":{"start":3,"end":19},"fp":{"start":3,"end":8,"res":"M12"}},
    {"of":"OF2","tf":"TF2","wp":{"start":5,"end":31},"fp":{"start":19,"end":24,"res":"M22"}},
    {"of":"OF3","tf":"TF2","wp":{"start":10,"end":48},"fp":{"start":10,"end":18,"res":"M22"}},
    {"of":"OF4","tf":"TF2","wp":{"start":20,"end":58},"fp":{"start":109,"end":119,"res":"M31"}},
    {"of":"OF5","tf":"TF2","wp":{"start":22,"end":52},"fp":{"start":33,"end":38,"res":"M12"}},
    {"of":"OF6","tf":"TF2","wp":{"start":28,"end":64},"fp":{"start":81,"end":90,"res":"M12"}},
    {"of":"OF1","tf":"TF3","wp":{"start":8,"end":27},"fp":{"start":46,"end":54,"res":"M21"}},
    {"of":"OF2","tf":"TF3","wp":{"start":10,"end":41},"fp":{"start":95,"end":105,"res":"M31"}},
    {"of":"OF3","tf":"TF3","wp":{"start":18,"end":56},"fp":{"start":32,"end":40,"res":"M31"}},
    {"of":"OF5","tf":"TF3","wp":{"start":27,"end":56},"fp":{"start":44,"end":48,"res":"M31"}},
    {"of":"OF3","tf":"TF4","wp":{"start":26,"end":61},"fp":{"start":60,"end":65,"res":"M11"}},
    {"of":"OF5","tf":"TF4","wp":{"start":31,"end":59},"fp":{"start":54,"end":57,"res":"M11"}},
    {"of":"OF5","tf":"TF5","wp":{"start":34,"end":64},"fp":{"start":57,"end":62,"res":"M12"}},
    {"of":"OF5","tf":"TF6","wp":{"start":39,"end":70},"fp":{"start":86,"end":92,"res":"M11"}},
    {"of":"OF3","tf":"TF5","wp":{"start":31,"end":65},"fp":{"start":77,"end":81,"res":"M12"}},
    {"of":"OF6","tf":"TF3","wp":{"start":37,"end":70},"fp":{"start":125,"end":131,"res":"M21"}},
    {"of":"OF6","tf":"TF4","wp":{"start":43,"end":75},"fp":{"start":143,"end":148,"res":"M21"}},
    {"of":"OF6","tf":"TF5","wp":{"start":48,"end":85},"fp":{"start":172,"end":182,"res":"M21"}},
    {"of":"OF1","tf":"TF4","wp":{"start":16,"end":35},"fp":{"start":83,"end":91,"res":"M31"}},
    {"of":"OF2","tf":"TF4","wp":{"start":20,"end":45},"fp":{"start":123,"end":127,"res":"M12"}},
    {"of":"OF2","tf":"TF5","wp":{"start":24,"end":53},"fp":{"start":186,"end":194,"res":"M21"}},
    {"of":"OF2","tf":"TF6","wp":{"start":32,"end":60},"fp":{"start":229,"end":236,"res":"M12"}},
    {"of":"OF4","tf":"TF3","wp":{"start":30,"end":66},"fp":{"start":139,"end":147,"res":"M12"}},
    {"of":"OF4","tf":"TF4","wp":{"start":38,"end":71},"fp":{"start":159,"end":164,"res":"M11"}},
    {"of":"OF4","tf":"TF5","wp":{"start":43,"end":76},"fp":{"start":164,"end":169,"res":"M12"}},
    {"of":"OF4","tf":"TF6","wp":{"start":48,"end":80},"fp":{"start":218,"end":222,"res":"M21"}}
  ],
  "TM": [
    {"id":"TM0","machine":"M21","comp":"C11321","wp":{"start":3,"end":15},"fp":{"start":10,"end":13,"res":"MT2"}},
    {"id":"TM1","machine":"M12","comp":"C02211","wp":{"start":21,"end":33},"fp":{"start":21,"end":24,"res":"MT2"}},
    {"id":"TM2","machine":"M11","comp":"C01111","wp":{"start":74,"end":86},"fp":{"start":74,"end":78,"res":"MT1"}},
    {"id":"TM3","machine":"M11","comp":"C01121","wp":{"start":48,"end":60},"fp":{"start":48,"end":51,"res":"MT2"}},
    {"id":"TM4","machine":"M12","comp":"C02211","wp":{"start":65,"end":77},"fp":{"start":65,"end":68,"res":"MT2"}},
    {"id":"TM5","machine":"M12","comp":"C02111","wp":{"start":56,"end":68},"fp":{"start":68,"end":72,"res":"MT1"}},
    {"id":"TM6","machine":"M21","comp":"C11311","wp":{"start":113,"end":125},"fp":{"start":113,"end":117,"res":"MT1"}},
    {"id":"TM7","machine":"M21","comp":"C11211","wp":{"start":131,"end":143},"fp":{"start":131,"end":135,"res":"MT1"}},
    {"id":"TM8","machine":"M21","comp":"C11311","wp":{"start":160,"end":172},"fp":{"start":160,"end":164,"res":"MT1"}},
    {"id":"TM9","machine":"M21","comp":"C11311","wp":{"start":34,"end":46},"fp":{"start":34,"end":38,"res":"MT1"}},
    {"id":"TM10","machine":"M31","comp":"C21411","wp":{"start":71,"end":83},"fp":{"start":78,"end":81,"res":"MT2"}},
    {"id":"TM11","machine":"M31","comp":"C21111","wp":{"start":79,"end":91},"fp":{"start":91,"end":95,"res":"MT1"}},
    {"id":"TM12","machine":"M31","comp":"C21421","wp":{"start":79,"end":91},"fp":{"start":91,"end":95,"res":"MT1"}},
    {"id":"TM13","machine":"M12","comp":"C02211","wp":{"start":111,"end":123},"fp":{"start":117,"end":120,"res":"MT2"}},
    {"id":"TM14","machine":"M21","comp":"C11211","wp":{"start":172,"end":184},"fp":{"start":182,"end":186,"res":"MT1"}},
    {"id":"TM15","machine":"M21","comp":"C11311","wp":{"start":172,"end":184},"fp":{"start":182,"end":186,"res":"MT1"}},
    {"id":"TM16","machine":"M12","comp":"C02111","wp":{"start":217,"end":229},"fp":{"start":217,"end":221,"res":"MT1"}},
    {"id":"TM17","machine":"M31","comp":"C21111","wp":{"start":93,"end":105},"fp":{"start":105,"end":109,"res":"MT1"}},
    {"id":"TM18","machine":"M31","comp":"C21411","wp":{"start":93,"end":105},"fp":{"start":105,"end":108,"res":"MT2"}},
    {"id":"TM19","machine":"M12","comp":"C02211","wp":{"start":127,"end":139},"fp":{"start":127,"end":130,"res":"MT2"}},
    {"id":"TM20","machine":"M11","comp":"C01111","wp":{"start":147,"end":159},"fp":{"start":147,"end":151,"res":"MT1"}},
    {"id":"TM21","machine":"M21","comp":"C11311","wp":{"start":206,"end":218},"fp":{"start":206,"end":210,"res":"MT1"}}
  ],
  "TT": [
    {"id":"TT0","orig":"S0","dest":"S2","reason":"Transport OF=OF2 TF=TF2","wp":{"start":8,"end":14},"fp":{"start":8,"end":14,"res":"TR2"}},
    {"id":"TT1","orig":"S2","dest":"S1","reason":"Transport OF=OF2 TF=TF2","wp":{"start":14,"end":19},"fp":{"start":14,"end":19,"res":"TR1"}},
    {"id":"TT2","orig":"S1","dest":"S2","reason":"Transport OF=OF5 TF=TF2","wp":{"start":22,"end":27},"fp":{"start":22,"end":27,"res":"TR1"}},
    {"id":"TT3","orig":"S2","dest":"S0","reason":"Transport OF=OF5 TF=TF2","wp":{"start":27,"end":33},"fp":{"start":27,"end":33,"res":"TR2"}},
    {"id":"TT4","orig":"S1","dest":"S2","reason":"Transport OF=OF3 TF=TF3","wp":{"start":18,"end":23},"fp":{"start":27,"end":32,"res":"TR1"}},
    {"id":"TT5","orig":"S0","dest":"S2","reason":"Transport OF=OF5 TF=TF3","wp":{"start":38,"end":44},"fp":{"start":38,"end":44,"res":"TR2"}},
    {"id":"TT6","orig":"S2","dest":"S0","reason":"Transport OF=OF5 TF=TF4","wp":{"start":48,"end":54},"fp":{"start":48,"end":54,"res":"TR2"}},
    {"id":"TT7","orig":"S2","dest":"S0","reason":"Transport OF=OF3 TF=TF4","wp":{"start":40,"end":46},"fp":{"start":54,"end":60,"res":"TR2"}},
    {"id":"TT8","orig":"S2","dest":"S0","reason":"Transport OF=OF6 TF=TF2","wp":{"start":28,"end":34},"fp":{"start":60,"end":66,"res":"TR2"}},
    {"id":"TT9","orig":"S0","dest":"S2","reason":"Transport OF=OF6 TF=TF3","wp":{"start":90,"end":96},"fp":{"start":90,"end":96,"res":"TR2"}},
    {"id":"TT10","orig":"S2","dest":"S1","reason":"Transport OF=OF6 TF=TF3","wp":{"start":96,"end":101},"fp":{"start":96,"end":101,"res":"TR1"}},
    {"id":"TT11","orig":"S0","dest":"S2","reason":"Transport OF=OF1 TF=TF3","wp":{"start":8,"end":14},"fp":{"start":14,"end":20,"res":"TR2"}},
    {"id":"TT12","orig":"S2","dest":"S1","reason":"Transport OF=OF1 TF=TF3","wp":{"start":14,"end":19},"fp":{"start":32,"end":37,"res":"TR1"}},
    {"id":"TT13","orig":"S1","dest":"S2","reason":"Transport OF=OF1 TF=TF4","wp":{"start":54,"end":59},"fp":{"start":54,"end":59,"res":"TR1"}},
    {"id":"TT14","orig":"S1","dest":"S2","reason":"Transport OF=OF2 TF=TF3","wp":{"start":24,"end":29},"fp":{"start":37,"end":42,"res":"TR1"}},
    {"id":"TT15","orig":"S2","dest":"S0","reason":"Transport OF=OF2 TF=TF4","wp":{"start":105,"end":111},"fp":{"start":105,"end":111,"res":"TR2"}},
    {"id":"TT16","orig":"S0","dest":"S2","reason":"Transport OF=OF2 TF=TF5","wp":{"start":127,"end":133},"fp":{"start":127,"end":133,"res":"TR2"}},
    {"id":"TT17","orig":"S2","dest":"S1","reason":"Transport OF=OF2 TF=TF5","wp":{"start":133,"end":138},"fp":{"start":133,"end":138,"res":"TR1"}},
    {"id":"TT18","orig":"S1","dest":"S2","reason":"Transport OF=OF2 TF=TF6","wp":{"start":194,"end":199},"fp":{"start":194,"end":199,"res":"TR1"}},
    {"id":"TT19","orig":"S2","dest":"S0","reason":"Transport OF=OF2 TF=TF6","wp":{"start":199,"end":205},"fp":{"start":199,"end":205,"res":"TR2"}},
    {"id":"TT20","orig":"S0","dest":"S2","reason":"Transport OF=OF4 TF=TF2","wp":{"start":20,"end":26},"fp":{"start":20,"end":26,"res":"TR2"}},
    {"id":"TT21","orig":"S2","dest":"S0","reason":"Transport OF=OF4 TF=TF3","wp":{"start":119,"end":125},"fp":{"start":119,"end":125,"res":"TR2"}},
    {"id":"TT22","orig":"S0","dest":"S2","reason":"Transport OF=OF4 TF=TF6","wp":{"start":169,"end":175},"fp":{"start":169,"end":175,"res":"TR2"}},
    {"id":"TT23","orig":"S2","dest":"S1","reason":"Transport OF=OF4 TF=TF6","wp":{"start":175,"end":180},"fp":{"start":175,"end":180,"res":"TR1"}}
  ]
}
