TT,Origine,Destination,Reason,WP_debut,WP_fin,FP_debut,FP_fin,Transporteur
TT0,S0,S2,Transport OF=OF2 TF=TF2,8,14,8,14,TR2
TT1,S2,S1,Transport OF=OF2 TF=TF2,14,19,14,19,TR1
TT2,S1,S2,Transport OF=OF5 TF=TF2,22,27,22,27,TR1
TT3,S2,S0,Transport OF=OF5 TF=TF2,27,33,27,33,TR2
TT4,S1,S2,Transport OF=OF3 TF=TF3,18,23,27,32,TR1
TT5,S0,S2,Transport OF=OF5 TF=TF3,38,44,38,44,TR2
TT6,S2,S0,Transport OF=OF5 TF=TF4,48,54,48,54,TR2
TT7,S2,S0,Transport OF=OF3 TF=TF4,40,46,54,60,TR2
TT8,S2,S0,Transport OF=OF6 TF=TF2,28,34,60,66,TR2
TT9,S0,S2,Transport OF=OF6 TF=TF3,90,96,90,96,TR2
TT10,S2,S1,Transport OF=OF6 TF=TF3,96,101,96,101,TR1
TT11,S0,S2,Transport OF=OF1 TF=TF3,8,14,14,20,TR2
TT12,S2,S1,Transport OF=OF1 TF=TF3,14,19,32,37,TR1
TT13,S1,S2,Transport OF=OF1 TF=TF4,54,59,54,59,TR1
TT14,S1,S2,Transport OF=OF2 TF=TF3,24,29,37,42,TR1
TT15,S2,S0,Transport OF=OF2 TF=TF4,105,111,105,111,TR2
TT16,S0,S2,Transport OF=OF2 TF=TF5,127,133,127,133,TR2
TT17,S2,S1,Transport OF=OF2 TF=TF5,133,138,133,138,TR1
TT18,S1,S2,Transport OF=OF2 TF=TF6,194,199,194,199,TR1
TT19,S2,S0,Transport OF=OF2 TF=TF6,199,205,199,205,TR2
TT20,S0,S2,Transport OF=OF4 TF=TF2,20,26,20,26,TR2
TT21,S2,S0,Transport OF=OF4 TF=TF3,119,125,119,125,TR2
TT22,S0,S2,Transport OF=OF4 TF=TF6,169,175,169,175,TR2
TT23,S2,S1,Transport OF=OF4 TF=TF6,175,180,175,180,TR1
