{
  "TF": [
    {"of":"OF1","tf":"TF1","wp":{"start":0,"end":14},"fp":{"start":0,"end":3,"res":"M11"}},
    {"of":"OF2","tf":"TF1","wp":{"start":0,"end":26},"fp":{"start":3,"end":8,"res":"M11"}},
    {"of":"OF3","tf":"TF1","wp":{"start":0,"end":40},"fp":{"start":0,"end":10,"res":"M21"}},
    {"of":"OF4","tf":"TF1","wp":{"start":10,"end":48},"fp":{"start":10,"end":20,"res":"M12"}},
    {"of":"OF5","tf":"TF1","wp":{"start":15,"end":47},"fp":{"start":15,"end":22,"res":"M21"}},
    {"of":"OF6","tf":"TF1","wp":{"start":20,"end":55},"fp":{"start":20,"end":28,"res":"M31"}},
    {"of":"OF1","tf":"TF2","wp":{"start":3,"end":19},"fp":{"start":3,"end":8,"res":"M12"}},
    {"of":"OF2","tf":"TF2","wp":{"start":5,"end":31},"fp":{"start":19,"end":24,"res":"M22"}},
    {"of":"OF3","tf":"TF2","wp":{"start":10,"end":48},"fp":{"start":10,"end":18,"res":"M22"}},
    {"of":"OF4","tf":"TF2","wp":{"start":20,"end":58},"fp":{"start":98,"end":108,"res":"M31"}},
    {"of":"OF5","tf":"TF2","wp":{"start":22,"end":52},"fp":{"start":22,"end":27,"res":"M21"}},
    {"of":"OF6","tf":"TF2","wp":{"start":28,"end":64},"fp":{"start":70,"end":79,"res":"M12"}},
    {"of":"OF1","tf":"TF3","wp":{"start":8,"end":27},"fp":{"start":37,"end":45,"res":"M22"}},
    {"of":"OF2","tf":"TF3","wp":{"start":10,"end":41},"fp":{"start":88,"end":98,"res":"M31"}},
    {"of":"OF3","tf":"TF3","wp":{"start":18,"end":56},"fp":{"start":28,"end":36,"res":"M31"}},
    {"of":"OF5","tf":"TF3","wp":{"start":27,"end":56},"fp":{"start":36,"end":40,"res":"M31"}},
    {"of":"OF3","tf":"TF4","wp":{"start":26,"end":61},"fp":{"start":64,"end":69,"res":"M31"}},
    {"of":"OF5","tf":"TF4","wp":{"start":31,"end":59},"fp":{"start":46,"end":49,"res":"M11"}},
    {"of":"OF5","tf":"TF5","wp":{"start":34,"end":64},"fp":{"start":61,"end":66,"res":"M12"}},
    {"of":"OF5","tf":"TF6","wp":{"start":39,"end":70},"fp":{"start":90,"end":96,"res":"M11"}},
    {"of":"OF3","tf":"TF5","wp":{"start":31,"end":65},"fp":{"start":86,"end":90,"res":"M21"}},
    {"of":"OF6","tf":"TF3","wp":{"start":37,"end":70},"fp":{"start":90,"end":96,"res":"M22"}},
    {"of":"OF6","tf":"TF4","wp":{"start":43,"end":75},"fp":{"start":108,"end":113,"res":"M21"}},
    {"of":"OF6","tf":"TF5","wp":{"start":48,"end":85},"fp":{"start":149,"end":159,"res":"M21"}},
    {"of":"OF1","tf":"TF4","wp":{"start":16,"end":35},"fp":{"start":74,"end":82,"res":"M31"}},
    {"of":"OF2","tf":"TF4","wp":{"start":20,"end":45},"fp":{"start":115,"end":119,"res":"M21"}},
    {"of":"OF2","tf":"TF5","wp":{"start":24,"end":53},"fp":{"start":159,"end":167,"res":"M21"}},
    {"of":"OF2","tf":"TF6","wp":{"start":32,"end":60},"fp":{"start":214,"end":221,"res":"M12"}},
    {"of":"OF4","tf":"TF3","wp":{"start":30,"end":66},"fp":{"start":126,"end":134,"res":"M12"}},
    {"of":"OF4","tf":"TF4","wp":{"start":38,"end":71},"fp":{"start":158,"end":163,"res":"M11"}},
    {"of":"OF4","tf":"TF5","wp":{"start":43,"end":76},"fp":{"start":175,"end":180,"res":"M12"}},
    {"of":"OF4","tf":"TF6","wp":{"start":48,"end":80},"fp":{"start":227,"end":231,"res":"M21"}}
  ],
  "TM": [
  ],
  "TT": [
    {"id":"TT0","orig":"S0","dest":"S2","reason":"Transport OF=OF2 TF=TF2","wp":{"start":8,"end":14},"fp":{"start":8,"end":14,"res":"TR2"}},
    {"id":"TT1","orig":"S2","dest":"S1","reason":"Transport OF=OF2 TF=TF2","wp":{"start":14,"end":19},"fp":{"start":14,"end":19,"res":"TR1"}},
    {"id":"TT2","orig":"S1","dest":"S2","reason":"Transport OF=OF3 TF=TF3","wp":{"start":18,"end":23},"fp":{"start":19,"end":24,"res":"TR1"}},
    {"id":"TT3","orig":"S1","dest":"S2","reason":"Transport OF=OF5 TF=TF3","wp":{"start":27,"end":32},"fp":{"start":27,"end":32,"res":"TR1"}},
    {"id":"TT4","orig":"S2","dest":"S0","reason":"Transport OF=OF5 TF=TF4","wp":{"start":40,"end":46},"fp":{"start":40,"end":46,"res":"TR2"}},
    {"id":"TT5","orig":"S2","dest":"S1","reason":"Transport OF=OF3 TF=TF5","wp":{"start":69,"end":74},"fp":{"start":69,"end":74,"res":"TR1"}},
    {"id":"TT6","orig":"S2","dest":"S0","reason":"Transport OF=OF6 TF=TF2","wp":{"start":28,"end":34},"fp":{"start":28,"end":34,"res":"TR2"}},
    {"id":"TT7","orig":"S0","dest":"S2","reason":"Transport OF=OF6 TF=TF3","wp":{"start":79,"end":85},"fp":{"start":79,"end":85,"res":"TR2"}},
    {"id":"TT8","orig":"S2","dest":"S1","reason":"Transport OF=OF6 TF=TF3","wp":{"start":85,"end":90},"fp":{"start":85,"end":90,"res":"TR1"}},
    {"id":"TT9","orig":"S0","dest":"S2","reason":"Transport OF=OF1 TF=TF3","wp":{"start":8,"end":14},"fp":{"start":14,"end":20,"res":"TR2"}},
    {"id":"TT10","orig":"S2","dest":"S1","reason":"Transport OF=OF1 TF=TF3","wp":{"start":14,"end":19},"fp":{"start":32,"end":37,"res":"TR1"}},
    {"id":"TT11","orig":"S1","dest":"S2","reason":"Transport OF=OF1 TF=TF4","wp":{"start":45,"end":50},"fp":{"start":45,"end":50,"res":"TR1"}},
    {"id":"TT12","orig":"S1","dest":"S2","reason":"Transport OF=OF2 TF=TF3","wp":{"start":24,"end":29},"fp":{"start":37,"end":42,"res":"TR1"}},
    {"id":"TT13","orig":"S2","dest":"S1","reason":"Transport OF=OF2 TF=TF4","wp":{"start":98,"end":103},"fp":{"start":98,"end":103,"res":"TR1"}},
    {"id":"TT14","orig":"S1","dest":"S2","reason":"Transport OF=OF2 TF=TF6","wp":{"start":167,"end":172},"fp":{"start":167,"end":172,"res":"TR1"}},
    {"id":"TT15","orig":"S2","dest":"S0","reason":"Transport OF=OF2 TF=TF6","wp":{"start":172,"end":178},"fp":{"start":172,"end":178,"res":"TR2"}},
    {"id":"TT16","orig":"S0","dest":"S2","reason":"Transport OF=OF4 TF=TF2","wp":{"start":20,"end":26},"fp":{"start":20,"end":26,"res":"TR2"}},
    {"id":"TT17","orig":"S2","dest":"S0","reason":"Transport OF=OF4 TF=TF3","wp":{"start":108,"end":114},"fp":{"start":108,"end":114,"res":"TR2"}},
    {"id":"TT18","orig":"S0","dest":"S2","reason":"Transport OF=OF4 TF=TF6","wp":{"start":180,"end":186},"fp":{"start":180,"end":186,"res":"TR2"}},
    {"id":"TT19","orig":"S2","dest":"S1","reason":"Transport OF=OF4 TF=TF6","wp":{"start":186,"end":191},"fp":{"start":186,"end":191,"res":"TR1"}}
  ]
}
