TT,Origine,Destination,Reason,WP_debut,WP_fin,FP_debut,FP_fin,Transporteur
TT0,S0,S2,Transport OF=OF2 TF=TF2,8,14,8,14,TR2
TT1,S2,S1,Transport OF=OF2 TF=TF2,14,19,14,19,TR1
TT2,S2,S0,Transport OF=OF6 TF=TF2,28,34,28,34,TR2
TT3,S0,S2,Transport OF=OF1 TF=TF3,8,14,14,20,TR2
TT4,S2,S1,Transport OF=OF1 TF=TF3,14,19,20,25,TR1
TT5,S1,S2,Transport OF=OF3 TF=TF3,18,23,25,30,TR1
TT6,S1,S2,Transport OF=OF5 TF=TF3,27,32,30,35,TR1
TT7,S0,S2,Transport OF=OF6 TF=TF3,43,49,43,49,TR2
TT8,S2,S1,Transport OF=OF6 TF=TF3,49,54,49,54,TR1
TT9,S1,S2,Transport OF=OF1 TF=TF4,33,38,35,40,TR1
TT10,S2,S1,Transport OF=OF3 TF=TF5,55,60,55,60,TR1
TT11,S2,S1,Transport OF=OF5 TF=TF5,58,63,60,65,TR1
TT12,S1,S2,Transport OF=OF5 TF=TF6,78,83,78,83,TR1
TT13,S2,S0,Transport OF=OF5 TF=TF6,83,89,83,89,TR2
TT14,S1,S2,Transport OF=OF2 TF=TF3,24,29,40,45,TR1
TT15,S2,S1,Transport OF=OF2 TF=TF4,69,74,69,74,TR1
TT16,S1,S2,Transport OF=OF2 TF=TF6,100,105,100,105,TR1
TT17,S2,S0,Transport OF=OF2 TF=TF6,105,111,105,111,TR2
TT18,S0,S2,Transport OF=OF4 TF=TF2,20,26,20,26,TR2
TT19,S2,S0,Transport OF=OF4 TF=TF3,86,92,89,95,TR2
TT20,S0,S2,Transport OF=OF4 TF=TF6,123,129,123,129,TR2
TT21,S2,S1,Transport OF=OF4 TF=TF6,129,134,129,134,TR1
