{
  "TF": [
    {"of":"OF1","tf":"TF1","wp":{"start":0,"end":14},"fp":{"start":0,"end":3,"res":"M11"}},
    {"of":"OF2","tf":"TF1","wp":{"start":0,"end":26},"fp":{"start":3,"end":8,"res":"M11"}},
    {"of":"OF3","tf":"TF1","wp":{"start":0,"end":40},"fp":{"start":0,"end":10,"res":"M21"}},
    {"of":"OF4","tf":"TF1","wp":{"start":10,"end":48},"fp":{"start":10,"end":20,"res":"M12"}},
    {"of":"OF5","tf":"TF1","wp":{"start":15,"end":47},"fp":{"start":15,"end":22,"res":"M21"}},
    {"of":"OF6","tf":"TF1","wp":{"start":20,"end":55},"fp":{"start":20,"end":28,"res":"M31"}},
    {"of":"OF1","tf":"TF2","wp":{"start":3,"end":19},"fp":{"start":3,"end":8,"res":"M12"}},
    {"of":"OF2","tf":"TF2","wp":{"start":5,"end":31},"fp":{"start":19,"end":24,"res":"M22"}},
    {"of":"OF3","tf":"TF2","wp":{"start":10,"end":48},"fp":{"start":10,"end":18,"res":"M22"}},
    {"of":"OF4","tf":"TF2","wp":{"start":20,"end":58},"fp":{"start":126,"end":136,"res":"M31"}},
    {"of":"OF5","tf":"TF2","wp":{"start":22,"end":52},"fp":{"start":33,"end":38,"res":"M12"}},
    {"of":"OF6","tf":"TF2","wp":{"start":28,"end":64},"fp":{"start":74,"end":83,"res":"M12"}},
    {"of":"OF1","tf":"TF3","wp":{"start":8,"end":27},"fp":{"start":46,"end":54,"res":"M21"}},
    {"of":"OF2","tf":"TF3","wp":{"start":10,"end":41},"fp":{"start":112,"end":122,"res":"M31"}},
    {"of":"OF3","tf":"TF3","wp":{"start":18,"end":56},"fp":{"start":32,"end":40,"res":"M31"}},
    {"of":"OF5","tf":"TF3","wp":{"start":27,"end":56},"fp":{"start":44,"end":48,"res":"M31"}},
    {"of":"OF3","tf":"TF4","wp":{"start":26,"end":61},"fp":{"start":58,"end":63,"res":"M11"}},
    {"of":"OF5","tf":"TF4","wp":{"start":31,"end":59},"fp":{"start":60,"end":63,"res":"M31"}},
    {"of":"OF5","tf":"TF5","wp":{"start":34,"end":64},"fp":{"start":80,"end":85,"res":"M21"}},
    {"of":"OF5","tf":"TF6","wp":{"start":39,"end":70},"fp":{"start":102,"end":108,"res":"M31"}},
    {"of":"OF3","tf":"TF5","wp":{"start":31,"end":65},"fp":{"start":74,"end":78,"res":"M21"}},
    {"of":"OF6","tf":"TF3","wp":{"start":37,"end":70},"fp":{"start":95,"end":101,"res":"M22"}},
    {"of":"OF6","tf":"TF4","wp":{"start":43,"end":75},"fp":{"start":101,"end":106,"res":"M21"}},
    {"of":"OF6","tf":"TF5","wp":{"start":48,"end":85},"fp":{"start":142,"end":152,"res":"M21"}},
    {"of":"OF1","tf":"TF4","wp":{"start":16,"end":35},"fp":{"start":94,"end":102,"res":"M31"}},
    {"of":"OF2","tf":"TF4","wp":{"start":20,"end":45},"fp":{"start":128,"end":132,"res":"M12"}},
    {"of":"OF2","tf":"TF5","wp":{"start":24,"end":53},"fp":{"start":188,"end":196,"res":"M21"}},
    {"of":"OF2","tf":"TF6","wp":{"start":32,"end":60},"fp":{"start":243,"end":250,"res":"M12"}},
    {"of":"OF4","tf":"TF3","wp":{"start":30,"end":66},"fp":{"start":144,"end":152,"res":"M12"}},
    {"of":"OF4","tf":"TF4","wp":{"start":38,"end":71},"fp":{"start":152,"end":157,"res":"M12"}},
    {"of":"OF4","tf":"TF5","wp":{"start":43,"end":76},"fp":{"start":168,"end":173,"res":"M21"}},
    {"of":"OF4","tf":"TF6","wp":{"start":48,"end":80},"fp":{"start":216,"end":220,"res":"M21"}}
  ],
  "TM": [
    {"id":"TM0","machine":"M21","comp":"C11321","wp":{"start":3,"end":15},"fp":{"start":10,"end":13,"res":"MT2"}},
    {"id":"TM1","machine":"M31","comp":"C21111","wp":{"start":48,"end":60},"fp":{"start":48,"end":52,"res":"MT1"}},
    {"id":"TM2","machine":"M21","comp":"C11211","wp":{"start":68,"end":80},"fp":{"start":68,"end":72,"res":"MT1"}},
    {"id":"TM3","machine":"M31","comp":"C21121","wp":{"start":90,"end":102},"fp":{"start":90,"end":94,"res":"MT1"}},
    {"id":"TM4","machine":"M11","comp":"C01121","wp":{"start":46,"end":58},"fp":{"start":52,"end":55,"res":"MT2"}},
    {"id":"TM5","machine":"M12","comp":"C02111","wp":{"start":62,"end":74},"fp":{"start":62,"end":66,"res":"MT1"}},
    {"id":"TM6","machine":"M12","comp":"C02121","wp":{"start":62,"end":74},"fp":{"start":62,"end":65,"res":"MT2"}},
    {"id":"TM7","machine":"M12","comp":"C02211","wp":{"start":62,"end":74},"fp":{"start":62,"end":65,"res":"MT2"}},
    {"id":"TM8","machine":"M21","comp":"C11211","wp":{"start":130,"end":142},"fp":{"start":130,"end":134,"res":"MT1"}},
    {"id":"TM9","machine":"M21","comp":"C11311","wp":{"start":130,"end":142},"fp":{"start":130,"end":134,"res":"MT1"}},
    {"id":"TM10","machine":"M21","comp":"C11321","wp":{"start":130,"end":142},"fp":{"start":130,"end":133,"res":"MT2"}},
    {"id":"TM11","machine":"M21","comp":"C11311","wp":{"start":34,"end":46},"fp":{"start":34,"end":38,"res":"MT1"}},
    {"id":"TM12","machine":"M21","comp":"C11321","wp":{"start":34,"end":46},"fp":{"start":34,"end":37,"res":"MT2"}},
    {"id":"TM13","machine":"M31","comp":"C21411","wp":{"start":82,"end":94},"fp":{"start":82,"end":85,"res":"MT2"}},
    {"id":"TM14","machine":"M31","comp":"C21421","wp":{"start":82,"end":94},"fp":{"start":82,"end":86,"res":"MT1"}},
    {"id":"TM15","machine":"M31","comp":"C21111","wp":{"start":96,"end":108},"fp":{"start":108,"end":112,"res":"MT1"}},
    {"id":"TM16","machine":"M31","comp":"C21121","wp":{"start":96,"end":108},"fp":{"start":108,"end":112,"res":"MT1"}},
    {"id":"TM17","machine":"M21","comp":"C11211","wp":{"start":176,"end":188},"fp":{"start":176,"end":180,"res":"MT1"}},
    {"id":"TM18","machine":"M21","comp":"C11311","wp":{"start":176,"end":188},"fp":{"start":176,"end":180,"res":"MT1"}},
    {"id":"TM19","machine":"M21","comp":"C11321","wp":{"start":176,"end":188},"fp":{"start":176,"end":179,"res":"MT2"}},
    {"id":"TM20","machine":"M12","comp":"C02111","wp":{"start":231,"end":243},"fp":{"start":231,"end":235,"res":"MT1"}},
    {"id":"TM21","machine":"M12","comp":"C02121","wp":{"start":231,"end":243},"fp":{"start":231,"end":234,"res":"MT2"}},
    {"id":"TM22","machine":"M12","comp":"C02211","wp":{"start":231,"end":243},"fp":{"start":231,"end":234,"res":"MT2"}},
    {"id":"TM23","machine":"M31","comp":"C21111","wp":{"start":110,"end":122},"fp":{"start":122,"end":126,"res":"MT1"}},
    {"id":"TM24","machine":"M31","comp":"C21121","wp":{"start":110,"end":122},"fp":{"start":122,"end":126,"res":"MT1"}},
    {"id":"TM25","machine":"M31","comp":"C21411","wp":{"start":110,"end":122},"fp":{"start":122,"end":125,"res":"MT2"}},
    {"id":"TM26","machine":"M31","comp":"C21421","wp":{"start":110,"end":122},"fp":{"start":122,"end":126,"res":"MT1"}},
    {"id":"TM27","machine":"M21","comp":"C11211","wp":{"start":204,"end":216},"fp":{"start":204,"end":208,"res":"MT1"}},
    {"id":"TM28","machine":"M21","comp":"C11311","wp":{"start":204,"end":216},"fp":{"start":204,"end":208,"res":"MT1"}},
    {"id":"TM29","machine":"M21","comp":"C11321","wp":{"start":204,"end":216},"fp":{"start":204,"end":207,"res":"MT2"}}
  ],
  "TT": [
    {"id":"TT0","orig":"S0","dest":"S2","reason":"Transport OF=OF2 TF=TF2","wp":{"start":8,"end":14},"fp":{"start":8,"end":14,"res":"TR2"}},
    {"id":"TT1","orig":"S2","dest":"S1","reason":"Transport OF=OF2 TF=TF2","wp":{"start":14,"end":19},"fp":{"start":14,"end":19,"res":"TR1"}},
    {"id":"TT2","orig":"S1","dest":"S2","reason":"Transport OF=OF5 TF=TF2","wp":{"start":22,"end":27},"fp":{"start":22,"end":27,"res":"TR1"}},
    {"id":"TT3","orig":"S2","dest":"S0","reason":"Transport OF=OF5 TF=TF2","wp":{"start":27,"end":33},"fp":{"start":27,"end":33,"res":"TR2"}},
    {"id":"TT4","orig":"S1","dest":"S2","reason":"Transport OF=OF3 TF=TF3","wp":{"start":18,"end":23},"fp":{"start":27,"end":32,"res":"TR1"}},
    {"id":"TT5","orig":"S0","dest":"S2","reason":"Transport OF=OF5 TF=TF3","wp":{"start":38,"end":44},"fp":{"start":38,"end":44,"res":"TR2"}},
    {"id":"TT6","orig":"S2","dest":"S1","reason":"Transport OF=OF5 TF=TF5","wp":{"start":63,"end":68},"fp":{"start":63,"end":68,"res":"TR1"}},
    {"id":"TT7","orig":"S1","dest":"S2","reason":"Transport OF=OF5 TF=TF6","wp":{"start":85,"end":90},"fp":{"start":85,"end":90,"res":"TR1"}},
    {"id":"TT8","orig":"S2","dest":"S0","reason":"Transport OF=OF3 TF=TF4","wp":{"start":40,"end":46},"fp":{"start":44,"end":50,"res":"TR2"}},
    {"id":"TT9","orig":"S0","dest":"S2","reason":"Transport OF=OF3 TF=TF5","wp":{"start":63,"end":69},"fp":{"start":63,"end":69,"res":"TR2"}},
    {"id":"TT10","orig":"S2","dest":"S1","reason":"Transport OF=OF3 TF=TF5","wp":{"start":69,"end":74},"fp":{"start":69,"end":74,"res":"TR1"}},
    {"id":"TT11","orig":"S2","dest":"S0","reason":"Transport OF=OF6 TF=TF2","wp":{"start":28,"end":34},"fp":{"start":50,"end":56,"res":"TR2"}},
    {"id":"TT12","orig":"S0","dest":"S2","reason":"Transport OF=OF6 TF=TF3","wp":{"start":83,"end":89},"fp":{"start":83,"end":89,"res":"TR2"}},
    {"id":"TT13","orig":"S2","dest":"S1","reason":"Transport OF=OF6 TF=TF3","wp":{"start":89,"end":94},"fp":{"start":90,"end":95,"res":"TR1"}},
    {"id":"TT14","orig":"S0","dest":"S2","reason":"Transport OF=OF1 TF=TF3","wp":{"start":8,"end":14},"fp":{"start":14,"end":20,"res":"TR2"}},
    {"id":"TT15","orig":"S2","dest":"S1","reason":"Transport OF=OF1 TF=TF3","wp":{"start":14,"end":19},"fp":{"start":32,"end":37,"res":"TR1"}},
    {"id":"TT16","orig":"S1","dest":"S2","reason":"Transport OF=OF1 TF=TF4","wp":{"start":54,"end":59},"fp":{"start":54,"end":59,"res":"TR1"}},
    {"id":"TT17","orig":"S1","dest":"S2","reason":"Transport OF=OF2 TF=TF3","wp":{"start":24,"end":29},"fp":{"start":37,"end":42,"res":"TR1"}},
    {"id":"TT18","orig":"S2","dest":"S0","reason":"Transport OF=OF2 TF=TF4","wp":{"start":122,"end":128},"fp":{"start":122,"end":128,"res":"TR2"}},
    {"id":"TT19","orig":"S0","dest":"S2","reason":"Transport OF=OF2 TF=TF5","wp":{"start":132,"end":138},"fp":{"start":132,"end":138,"res":"TR2"}},
    {"id":"TT20","orig":"S2","dest":"S1","reason":"Transport OF=OF2 TF=TF5","wp":{"start":138,"end":143},"fp":{"start":138,"end":143,"res":"TR1"}},
    {"id":"TT21","orig":"S1","dest":"S2","reason":"Transport OF=OF2 TF=TF6","wp":{"start":196,"end":201},"fp":{"start":196,"end":201,"res":"TR1"}},
    {"id":"TT22","orig":"S2","dest":"S0","reason":"Transport OF=OF2 TF=TF6","wp":{"start":201,"end":207},"fp":{"start":201,"end":207,"res":"TR2"}},
    {"id":"TT23","orig":"S0","dest":"S2","reason":"Transport OF=OF4 TF=TF2","wp":{"start":20,"end":26},"fp":{"start":20,"end":26,"res":"TR2"}},
    {"id":"TT24","orig":"S2","dest":"S0","reason":"Transport OF=OF4 TF=TF3","wp":{"start":136,"end":142},"fp":{"start":138,"end":144,"res":"TR2"}},
    {"id":"TT25","orig":"S0","dest":"S2","reason":"Transport OF=OF4 TF=TF5","wp":{"start":157,"end":163},"fp":{"start":157,"end":163,"res":"TR2"}},
    {"id":"TT26","orig":"S2","dest":"S1","reason":"Transport OF=OF4 TF=TF5","wp":{"start":163,"end":168},"fp":{"start":163,"end":168,"res":"TR1"}}
  ]
}
