TT,Origine,Destination,Reason,WP_debut,WP_fin,FP_debut,FP_fin,Transporteur
TT0,S0,S2,Transport OF=OF2 TF=TF2,8,14,8,14,TR2
TT1,S2,S1,Transport OF=OF2 TF=TF2,14,19,14,19,TR1
TT2,S1,S2,Transport OF=OF5 TF=TF2,22,27,22,27,TR1
TT3,S2,S0,Transport OF=OF5 TF=TF2,27,33,27,33,TR2
TT4,S1,S2,Transport OF=OF3 TF=TF3,18,23,27,32,TR1
TT5,S0,S2,Transport OF=OF5 TF=TF3,38,44,38,44,TR2
TT6,S2,S1,Transport OF=OF5 TF=TF5,63,68,63,68,TR1
TT7,S1,S2,Transport OF=OF5 TF=TF6,85,90,85,90,TR1
TT8,S2,S0,Transport OF=OF3 TF=TF4,40,46,44,50,TR2
TT9,S0,S2,Transport OF=OF3 TF=TF5,63,69,63,69,TR2
TT10,S2,S1,Transport OF=OF3 TF=TF5,69,74,69,74,TR1
TT11,S2,S0,Transport OF=OF6 TF=TF2,28,34,50,56,TR2
TT12,S0,S2,Transport OF=OF6 TF=TF3,83,89,83,89,TR2
TT13,S2,S1,Transport OF=OF6 TF=TF3,89,94,90,95,TR1
TT14,S0,S2,Transport OF=OF1 TF=TF3,8,14,14,20,TR2
TT15,S2,S1,Transport OF=OF1 TF=TF3,14,19,32,37,TR1
TT16,S1,S2,Transport OF=OF1 TF=TF4,54,59,54,59,TR1
TT17,S1,S2,Transport OF=OF2 TF=TF3,24,29,37,42,TR1
TT18,S2,S0,Transport OF=OF2 TF=TF4,122,128,122,128,TR2
TT19,S0,S2,Transport OF=OF2 TF=TF5,132,138,132,138,TR2
TT20,S2,S1,Transport OF=OF2 TF=TF5,138,143,138,143,TR1
TT21,S1,S2,Transport OF=OF2 TF=TF6,196,201,196,201,TR1
TT22,S2,S0,Transport OF=OF2 TF=TF6,201,207,201,207,TR2
TT23,S0,S2,Transport OF=OF4 TF=TF2,20,26,20,26,TR2
TT24,S2,S0,Transport OF=OF4 TF=TF3,136,142,138,144,TR2
TT25,S0,S2,Transport OF=OF4 TF=TF5,157,163,157,163,TR2
TT26,S2,S1,Transport OF=OF4 TF=TF5,163,168,163,168,TR1
