{
  "TF": [
    {"of":"OF1","tf":"TF1","wp":{"start":0,"end":14},"fp":{"start":0,"end":3,"res":"M11"}},
    {"of":"OF2","tf":"TF1","wp":{"start":0,"end":26},"fp":{"start":3,"end":8,"res":"M11"}},
    {"of":"OF3","tf":"TF1","wp":{"start":0,"end":40},"fp":{"start":0,"end":10,"res":"M21"}},
    {"of":"OF4","tf":"TF1","wp":{"start":10,"end":48},"fp":{"start":10,"end":20,"res":"M12"}},
    {"of":"OF5","tf":"TF1","wp":{"start":15,"end":47},"fp":{"start":15,"end":22,"res":"M21"}},
    {"of":"OF6","tf":"TF1","wp":{"start":20,"end":55},"fp":{"start":20,"end":28,"res":"M31"}},
    {"of":"OF1","tf":"TF2","wp":{"start":3,"end":19},"fp":{"start":3,"end":8,"res":"M12"}},
    {"of":"OF2","tf":"TF2","wp":{"start":5,"end":31},"fp":{"start":19,"end":24,"res":"M22"}},
    {"of":"OF3","tf":"TF2","wp":{"start":10,"end":48},"fp":{"start":10,"end":18,"res":"M22"}},
    {"of":"OF4","tf":"TF2","wp":{"start":20,"end":58},"fp":{"start":72,"end":82,"res":"M31"}},
    {"of":"OF5","tf":"TF2","wp":{"start":22,"end":52},"fp":{"start":33,"end":38,"res":"M12"}},
    {"of":"OF6","tf":"TF2","wp":{"start":28,"end":64},"fp":{"start":79,"end":88,"res":"M12"}},
    {"of":"OF1","tf":"TF3","wp":{"start":8,"end":27},"fp":{"start":46,"end":54,"res":"M21"}},
    {"of":"OF2","tf":"TF3","wp":{"start":10,"end":41},"fp":{"start":53,"end":63,"res":"M31"}},
    {"of":"OF3","tf":"TF3","wp":{"start":18,"end":56},"fp":{"start":32,"end":40,"res":"M31"}},
    {"of":"OF5","tf":"TF3","wp":{"start":27,"end":56},"fp":{"start":44,"end":48,"res":"M31"}},
    {"of":"OF3","tf":"TF4","wp":{"start":26,"end":61},"fp":{"start":50,"end":55,"res":"M11"}},
    {"of":"OF5","tf":"TF4","wp":{"start":31,"end":59},"fp":{"start":56,"end":59,"res":"M11"}},
    {"of":"OF3","tf":"TF5","wp":{"start":31,"end":65},"fp":{"start":67,"end":71,"res":"M12"}},
    {"of":"OF5","tf":"TF5","wp":{"start":34,"end":64},"fp":{"start":59,"end":64,"res":"M12"}},
    {"of":"OF5","tf":"TF6","wp":{"start":39,"end":70},"fp":{"start":76,"end":82,"res":"M11"}},
    {"of":"OF2","tf":"TF4","wp":{"start":20,"end":45},"fp":{"start":71,"end":75,"res":"M12"}},
    {"of":"OF2","tf":"TF5","wp":{"start":24,"end":53},"fp":{"start":122,"end":130,"res":"M21"}},
    {"of":"OF6","tf":"TF3","wp":{"start":37,"end":70},"fp":{"start":99,"end":105,"res":"M22"}},
    {"of":"OF6","tf":"TF4","wp":{"start":43,"end":75},"fp":{"start":116,"end":121,"res":"M12"}},
    {"of":"OF6","tf":"TF5","wp":{"start":48,"end":85},"fp":{"start":191,"end":201,"res":"M21"}},
    {"of":"OF4","tf":"TF3","wp":{"start":30,"end":66},"fp":{"start":99,"end":107,"res":"M21"}},
    {"of":"OF4","tf":"TF4","wp":{"start":38,"end":71},"fp":{"start":136,"end":141,"res":"M31"}},
    {"of":"OF4","tf":"TF5","wp":{"start":43,"end":76},"fp":{"start":146,"end":151,"res":"M21"}},
    {"of":"OF4","tf":"TF6","wp":{"start":48,"end":80},"fp":{"start":187,"end":191,"res":"M21"}},
    {"of":"OF2","tf":"TF6","wp":{"start":32,"end":60},"fp":{"start":177,"end":184,"res":"M12"}},
    {"of":"OF1","tf":"TF4","wp":{"start":16,"end":35},"fp":{"start":94,"end":102,"res":"M31"}}
  ],
  "TM": [
    {"id":"TM0","machine":"M12","comp":"C02211","wp":{"start":0,"end":12},"fp":{"start":0,"end":3,"res":"MT2"}},
    {"id":"TM1","machine":"M11","comp":"C01121","wp":{"start":44,"end":56},"fp":{"start":44,"end":47,"res":"MT2"}},
    {"id":"TM2","machine":"M12","comp":"C02211","wp":{"start":55,"end":67},"fp":{"start":55,"end":58,"res":"MT2"}},
    {"id":"TM3","machine":"M11","comp":"C01111","wp":{"start":64,"end":76},"fp":{"start":64,"end":68,"res":"MT1"}},
    {"id":"TM4","machine":"M31","comp":"C21111","wp":{"start":41,"end":53},"fp":{"start":48,"end":52,"res":"MT1"}},
    {"id":"TM5","machine":"M31","comp":"C21411","wp":{"start":41,"end":53},"fp":{"start":41,"end":44,"res":"MT2"}},
    {"id":"TM6","machine":"M12","comp":"C02111","wp":{"start":50,"end":62},"fp":{"start":75,"end":79,"res":"MT1"}},
    {"id":"TM7","machine":"M12","comp":"C02211","wp":{"start":50,"end":62},"fp":{"start":52,"end":55,"res":"MT2"}},
    {"id":"TM8","machine":"M31","comp":"C21111","wp":{"start":40,"end":52},"fp":{"start":68,"end":72,"res":"MT1"}},
    {"id":"TM9","machine":"M31","comp":"C21421","wp":{"start":40,"end":52},"fp":{"start":68,"end":72,"res":"MT1"}},
    {"id":"TM10","machine":"M21","comp":"C11211","wp":{"start":87,"end":99},"fp":{"start":87,"end":91,"res":"MT1"}},
    {"id":"TM11","machine":"M31","comp":"C21111","wp":{"start":124,"end":136},"fp":{"start":124,"end":128,"res":"MT1"}},
    {"id":"TM12","machine":"M21","comp":"C11211","wp":{"start":175,"end":187},"fp":{"start":175,"end":179,"res":"MT1"}},
    {"id":"TM13","machine":"M21","comp":"C11311","wp":{"start":175,"end":187},"fp":{"start":175,"end":179,"res":"MT1"}},
    {"id":"TM14","machine":"M21","comp":"C11321","wp":{"start":110,"end":122},"fp":{"start":110,"end":113,"res":"MT2"}},
    {"id":"TM15","machine":"M21","comp":"C11211","wp":{"start":156,"end":168},"fp":{"start":156,"end":160,"res":"MT1"}},
    {"id":"TM16","machine":"M21","comp":"C11311","wp":{"start":156,"end":168},"fp":{"start":156,"end":160,"res":"MT1"}},
    {"id":"TM17","machine":"M12","comp":"C02111","wp":{"start":165,"end":177},"fp":{"start":165,"end":169,"res":"MT1"}},
    {"id":"TM18","machine":"M12","comp":"C02211","wp":{"start":165,"end":177},"fp":{"start":165,"end":168,"res":"MT2"}},
    {"id":"TM19","machine":"M21","comp":"C11311","wp":{"start":34,"end":46},"fp":{"start":34,"end":38,"res":"MT1"}},
    {"id":"TM20","machine":"M31","comp":"C21411","wp":{"start":82,"end":94},"fp":{"start":82,"end":85,"res":"MT2"}}
  ],
  "TT": [
    {"id":"TT0","orig":"S0","dest":"S2","reason":"Transport OF=OF2 TF=TF2","wp":{"start":8,"end":14},"fp":{"start":8,"end":14,"res":"TR2"}},
    {"id":"TT1","orig":"S2","dest":"S1","reason":"Transport OF=OF2 TF=TF2","wp":{"start":14,"end":19},"fp":{"start":14,"end":19,"res":"TR1"}},
    {"id":"TT2","orig":"S1","dest":"S2","reason":"Transport OF=OF5 TF=TF2","wp":{"start":22,"end":27},"fp":{"start":22,"end":27,"res":"TR1"}},
    {"id":"TT3","orig":"S2","dest":"S0","reason":"Transport OF=OF5 TF=TF2","wp":{"start":27,"end":33},"fp":{"start":27,"end":33,"res":"TR2"}},
    {"id":"TT4","orig":"S1","dest":"S2","reason":"Transport OF=OF3 TF=TF3","wp":{"start":18,"end":23},"fp":{"start":27,"end":32,"res":"TR1"}},
    {"id":"TT5","orig":"S0","dest":"S2","reason":"Transport OF=OF5 TF=TF3","wp":{"start":38,"end":44},"fp":{"start":38,"end":44,"res":"TR2"}},
    {"id":"TT6","orig":"S2","dest":"S0","reason":"Transport OF=OF3 TF=TF4","wp":{"start":40,"end":46},"fp":{"start":44,"end":50,"res":"TR2"}},
    {"id":"TT7","orig":"S2","dest":"S0","reason":"Transport OF=OF5 TF=TF4","wp":{"start":48,"end":54},"fp":{"start":50,"end":56,"res":"TR2"}},
    {"id":"TT8","orig":"S1","dest":"S2","reason":"Transport OF=OF2 TF=TF3","wp":{"start":24,"end":29},"fp":{"start":32,"end":37,"res":"TR1"}},
    {"id":"TT9","orig":"S2","dest":"S0","reason":"Transport OF=OF2 TF=TF4","wp":{"start":63,"end":69},"fp":{"start":63,"end":69,"res":"TR2"}},
    {"id":"TT10","orig":"S2","dest":"S0","reason":"Transport OF=OF6 TF=TF2","wp":{"start":28,"end":34},"fp":{"start":56,"end":62,"res":"TR2"}},
    {"id":"TT11","orig":"S0","dest":"S2","reason":"Transport OF=OF6 TF=TF3","wp":{"start":88,"end":94},"fp":{"start":88,"end":94,"res":"TR2"}},
    {"id":"TT12","orig":"S2","dest":"S1","reason":"Transport OF=OF6 TF=TF3","wp":{"start":94,"end":99},"fp":{"start":94,"end":99,"res":"TR1"}},
    {"id":"TT13","orig":"S1","dest":"S2","reason":"Transport OF=OF6 TF=TF4","wp":{"start":105,"end":110},"fp":{"start":105,"end":110,"res":"TR1"}},
    {"id":"TT14","orig":"S2","dest":"S0","reason":"Transport OF=OF6 TF=TF4","wp":{"start":110,"end":116},"fp":{"start":110,"end":116,"res":"TR2"}},
    {"id":"TT15","orig":"S0","dest":"S2","reason":"Transport OF=OF4 TF=TF2","wp":{"start":20,"end":26},"fp":{"start":20,"end":26,"res":"TR2"}},
    {"id":"TT16","orig":"S2","dest":"S1","reason":"Transport OF=OF4 TF=TF3","wp":{"start":82,"end":87},"fp":{"start":82,"end":87,"res":"TR1"}},
    {"id":"TT17","orig":"S1","dest":"S2","reason":"Transport OF=OF4 TF=TF4","wp":{"start":107,"end":112},"fp":{"start":110,"end":115,"res":"TR1"}},
    {"id":"TT18","orig":"S2","dest":"S1","reason":"Transport OF=OF4 TF=TF5","wp":{"start":141,"end":146},"fp":{"start":141,"end":146,"res":"TR1"}},
    {"id":"TT19","orig":"S0","dest":"S2","reason":"Transport OF=OF2 TF=TF5","wp":{"start":75,"end":81},"fp":{"start":75,"end":81,"res":"TR2"}},
    {"id":"TT20","orig":"S2","dest":"S1","reason":"Transport OF=OF2 TF=TF5","wp":{"start":81,"end":86},"fp":{"start":87,"end":92,"res":"TR1"}},
    {"id":"TT21","orig":"S0","dest":"S2","reason":"Transport OF=OF6 TF=TF5","wp":{"start":121,"end":127},"fp":{"start":121,"end":127,"res":"TR2"}},
    {"id":"TT22","orig":"S2","dest":"S1","reason":"Transport OF=OF6 TF=TF5","wp":{"start":127,"end":132},"fp":{"start":127,"end":132,"res":"TR1"}},
    {"id":"TT23","orig":"S1","dest":"S2","reason":"Transport OF=OF2 TF=TF6","wp":{"start":130,"end":135},"fp":{"start":132,"end":137,"res":"TR1"}},
    {"id":"TT24","orig":"S2","dest":"S0","reason":"Transport OF=OF2 TF=TF6","wp":{"start":135,"end":141},"fp":{"start":137,"end":143,"res":"TR2"}},
    {"id":"TT25","orig":"S0","dest":"S2","reason":"Transport OF=OF1 TF=TF3","wp":{"start":8,"end":14},"fp":{"start":14,"end":20,"res":"TR2"}},
    {"id":"TT26","orig":"S2","dest":"S1","reason":"Transport OF=OF1 TF=TF3","wp":{"start":14,"end":19},"fp":{"start":37,"end":42,"res":"TR1"}},
    {"id":"TT27","orig":"S1","dest":"S2","reason":"Transport OF=OF1 TF=TF4","wp":{"start":54,"end":59},"fp":{"start":54,"end":59,"res":"TR1"}}
  ]
}
