TT,Origine,Destination,Reason,WP_debut,WP_fin,FP_debut,FP_fin,Transporteur
TT0,S0,S2,Transport OF=OF2 TF=TF2,8,14,8,14,TR2
TT1,S2,S1,Transport OF=OF2 TF=TF2,14,19,14,19,TR1
TT2,S1,S2,Transport OF=OF5 TF=TF2,22,27,22,27,TR1
TT3,S2,S0,Transport OF=OF5 TF=TF2,27,33,27,33,TR2
TT4,S1,S2,Transport OF=OF3 TF=TF3,18,23,27,32,TR1
TT5,S0,S2,Transport OF=OF5 TF=TF3,38,44,38,44,TR2
TT6,S2,S0,Transport OF=OF3 TF=TF4,40,46,44,50,TR2
TT7,S2,S0,Transport OF=OF5 TF=TF4,48,54,50,56,TR2
TT8,S1,S2,Transport OF=OF2 TF=TF3,24,29,32,37,TR1
TT9,S2,S0,Transport OF=OF2 TF=TF4,63,69,63,69,TR2
TT10,S2,S0,Transport OF=OF6 TF=TF2,28,34,56,62,TR2
TT11,S0,S2,Transport OF=OF6 TF=TF3,88,94,88,94,TR2
TT12,S2,S1,Transport OF=OF6 TF=TF3,94,99,94,99,TR1
TT13,S1,S2,Transport OF=OF6 TF=TF4,105,110,105,110,TR1
TT14,S2,S0,Transport OF=OF6 TF=TF4,110,116,110,116,TR2
TT15,S0,S2,Transport OF=OF4 TF=TF2,20,26,20,26,TR2
TT16,S2,S1,Transport OF=OF4 TF=TF3,82,87,82,87,TR1
TT17,S1,S2,Transport OF=OF4 TF=TF4,107,112,110,115,TR1
TT18,S2,S1,Transport OF=OF4 TF=TF5,141,146,141,146,TR1
TT19,S0,S2,Transport OF=OF2 TF=TF5,75,81,75,81,TR2
TT20,S2,S1,Transport OF=OF2 TF=TF5,81,86,87,92,TR1
TT21,S0,S2,Transport OF=OF6 TF=TF5,121,127,121,127,TR2
TT22,S2,S1,Transport OF=OF6 TF=TF5,127,132,127,132,TR1
TT23,S1,S2,Transport OF=OF2 TF=TF6,130,135,132,137,TR1
TT24,S2,S0,Transport OF=OF2 TF=TF6,135,141,137,143,TR2
TT25,S0,S2,Transport OF=OF1 TF=TF3,8,14,14,20,TR2
TT26,S2,S1,Transport OF=OF1 TF=TF3,14,19,37,42,TR1
TT27,S1,S2,Transport OF=OF1 TF=TF4,54,59,54,59,TR1
