{
  "TF": [
    {"of":"OF1","tf":"TF1","wp":{"start":0,"end":14},"fp":{"start":0,"end":3,"res":"M11"}},
    {"of":"OF2","tf":"TF1","wp":{"start":0,"end":26},"fp":{"start":3,"end":8,"res":"M11"}},
    {"of":"OF3","tf":"TF1","wp":{"start":0,"end":40},"fp":{"start":0,"end":10,"res":"M21"}},
    {"of":"OF4","tf":"TF1","wp":{"start":10,"end":48},"fp":{"start":10,"end":20,"res":"M12"}},
    {"of":"OF5","tf":"TF1","wp":{"start":15,"end":47},"fp":{"start":15,"end":22,"res":"M21"}},
    {"of":"OF6","tf":"TF1","wp":{"start":20,"end":55},"fp":{"start":20,"end":28,"res":"M31"}},
    {"of":"OF1","tf":"TF2","wp":{"start":3,"end":19},"fp":{"start":3,"end":8,"res":"M12"}},
    {"of":"OF2","tf":"TF2","wp":{"start":5,"end":31},"fp":{"start":19,"end":24,"res":"M22"}},
    {"of":"OF3","tf":"TF2","wp":{"start":10,"end":48},"fp":{"start":10,"end":18,"res":"M22"}},
    {"of":"OF4","tf":"TF2","wp":{"start":20,"end":58},"fp":{"start":112,"end":122,"res":"M31"}},
    {"of":"OF5","tf":"TF2","wp":{"start":22,"end":52},"fp":{"start":22,"end":27,"res":"M21"}},
    {"of":"OF6","tf":"TF2","wp":{"start":28,"end":64},"fp":{"start":70,"end":79,"res":"M12"}},
    {"of":"OF1","tf":"TF3","wp":{"start":8,"end":27},"fp":{"start":37,"end":45,"res":"M22"}},
    {"of":"OF2","tf":"TF3","wp":{"start":10,"end":41},"fp":{"start":88,"end":98,"res":"M31"}},
    {"of":"OF3","tf":"TF3","wp":{"start":18,"end":56},"fp":{"start":28,"end":36,"res":"M31"}},
    {"of":"OF5","tf":"TF3","wp":{"start":27,"end":56},"fp":{"start":36,"end":40,"res":"M31"}},
    {"of":"OF3","tf":"TF4","wp":{"start":26,"end":61},"fp":{"start":64,"end":69,"res":"M31"}},
    {"of":"OF5","tf":"TF4","wp":{"start":31,"end":59},"fp":{"start":52,"end":55,"res":"M31"}},
    {"of":"OF5","tf":"TF5","wp":{"start":34,"end":64},"fp":{"start":72,"end":77,"res":"M21"}},
    {"of":"OF3","tf":"TF5","wp":{"start":31,"end":65},"fp":{"start":89,"end":93,"res":"M21"}},
    {"of":"OF5","tf":"TF6","wp":{"start":39,"end":70},"fp":{"start":106,"end":112,"res":"M31"}},
    {"of":"OF6","tf":"TF3","wp":{"start":37,"end":70},"fp":{"start":102,"end":108,"res":"M22"}},
    {"of":"OF6","tf":"TF4","wp":{"start":43,"end":75},"fp":{"start":120,"end":125,"res":"M21"}},
    {"of":"OF6","tf":"TF5","wp":{"start":48,"end":85},"fp":{"start":161,"end":171,"res":"M21"}},
    {"of":"OF1","tf":"TF4","wp":{"start":16,"end":35},"fp":{"start":79,"end":87,"res":"M31"}},
    {"of":"OF2","tf":"TF4","wp":{"start":20,"end":45},"fp":{"start":115,"end":119,"res":"M21"}},
    {"of":"OF2","tf":"TF5","wp":{"start":24,"end":53},"fp":{"start":171,"end":179,"res":"M21"}},
    {"of":"OF2","tf":"TF6","wp":{"start":32,"end":60},"fp":{"start":226,"end":233,"res":"M12"}},
    {"of":"OF4","tf":"TF3","wp":{"start":30,"end":66},"fp":{"start":139,"end":147,"res":"M21"}},
    {"of":"OF4","tf":"TF4","wp":{"start":38,"end":71},"fp":{"start":176,"end":181,"res":"M31"}},
    {"of":"OF4","tf":"TF5","wp":{"start":43,"end":76},"fp":{"start":198,"end":203,"res":"M21"}},
    {"of":"OF4","tf":"TF6","wp":{"start":48,"end":80},"fp":{"start":239,"end":243,"res":"M21"}}
  ],
  "TM": [
  ],
  "TT": [
    {"id":"TT0","orig":"S0","dest":"S2","reason":"Transport OF=OF2 TF=TF2","wp":{"start":8,"end":14},"fp":{"start":8,"end":14,"res":"TR2"}},
    {"id":"TT1","orig":"S2","dest":"S1","reason":"Transport OF=OF2 TF=TF2","wp":{"start":14,"end":19},"fp":{"start":14,"end":19,"res":"TR1"}},
    {"id":"TT2","orig":"S1","dest":"S2","reason":"Transport OF=OF3 TF=TF3","wp":{"start":18,"end":23},"fp":{"start":19,"end":24,"res":"TR1"}},
    {"id":"TT3","orig":"S1","dest":"S2","reason":"Transport OF=OF5 TF=TF3","wp":{"start":27,"end":32},"fp":{"start":27,"end":32,"res":"TR1"}},
    {"id":"TT4","orig":"S2","dest":"S1","reason":"Transport OF=OF5 TF=TF5","wp":{"start":55,"end":60},"fp":{"start":55,"end":60,"res":"TR1"}},
    {"id":"TT5","orig":"S1","dest":"S2","reason":"Transport OF=OF5 TF=TF6","wp":{"start":77,"end":82},"fp":{"start":77,"end":82,"res":"TR1"}},
    {"id":"TT6","orig":"S2","dest":"S0","reason":"Transport OF=OF6 TF=TF2","wp":{"start":28,"end":34},"fp":{"start":28,"end":34,"res":"TR2"}},
    {"id":"TT7","orig":"S2","dest":"S1","reason":"Transport OF=OF3 TF=TF5","wp":{"start":69,"end":74},"fp":{"start":69,"end":74,"res":"TR1"}},
    {"id":"TT8","orig":"S0","dest":"S2","reason":"Transport OF=OF6 TF=TF3","wp":{"start":79,"end":85},"fp":{"start":79,"end":85,"res":"TR2"}},
    {"id":"TT9","orig":"S2","dest":"S1","reason":"Transport OF=OF6 TF=TF3","wp":{"start":85,"end":90},"fp":{"start":85,"end":90,"res":"TR1"}},
    {"id":"TT10","orig":"S0","dest":"S2","reason":"Transport OF=OF1 TF=TF3","wp":{"start":8,"end":14},"fp":{"start":14,"end":20,"res":"TR2"}},
    {"id":"TT11","orig":"S2","dest":"S1","reason":"Transport OF=OF1 TF=TF3","wp":{"start":14,"end":19},"fp":{"start":32,"end":37,"res":"TR1"}},
    {"id":"TT12","orig":"S1","dest":"S2","reason":"Transport OF=OF1 TF=TF4","wp":{"start":45,"end":50},"fp":{"start":45,"end":50,"res":"TR1"}},
    {"id":"TT13","orig":"S1","dest":"S2","reason":"Transport OF=OF2 TF=TF3","wp":{"start":24,"end":29},"fp":{"start":37,"end":42,"res":"TR1"}},
    {"id":"TT14","orig":"S2","dest":"S1","reason":"Transport OF=OF2 TF=TF4","wp":{"start":98,"end":103},"fp":{"start":98,"end":103,"res":"TR1"}},
    {"id":"TT15","orig":"S1","dest":"S2","reason":"Transport OF=OF2 TF=TF6","wp":{"start":179,"end":184},"fp":{"start":179,"end":184,"res":"TR1"}},
    {"id":"TT16","orig":"S2","dest":"S0","reason":"Transport OF=OF2 TF=TF6","wp":{"start":184,"end":190},"fp":{"start":184,"end":190,"res":"TR2"}},
    {"id":"TT17","orig":"S0","dest":"S2","reason":"Transport OF=OF4 TF=TF2","wp":{"start":20,"end":26},"fp":{"start":20,"end":26,"res":"TR2"}},
    {"id":"TT18","orig":"S2","dest":"S1","reason":"Transport OF=OF4 TF=TF3","wp":{"start":122,"end":127},"fp":{"start":122,"end":127,"res":"TR1"}},
    {"id":"TT19","orig":"S1","dest":"S2","reason":"Transport OF=OF4 TF=TF4","wp":{"start":147,"end":152},"fp":{"start":147,"end":152,"res":"TR1"}},
    {"id":"TT20","orig":"S2","dest":"S1","reason":"Transport OF=OF4 TF=TF5","wp":{"start":181,"end":186},"fp":{"start":184,"end":189,"res":"TR1"}}
  ]
}
