TT,Origine,Destination,Reason,WP_debut,WP_fin,FP_debut,FP_fin,Transporteur
TT0,S0,S2,Transport OF=OF2 TF=TF2,8,14,8,14,TR2
TT1,S2,S1,Transport OF=OF2 TF=TF2,14,19,14,19,TR1
TT2,S1,S2,Transport OF=OF3 TF=TF3,18,23,19,24,TR1
TT3,S1,S2,Transport OF=OF5 TF=TF3,27,32,27,32,TR1
TT4,S2,S1,Transport OF=OF5 TF=TF5,55,60,55,60,TR1
TT5,S1,S2,Transport OF=OF5 TF=TF6,77,82,77,82,TR1
TT6,S2,S0,Transport OF=OF6 TF=TF2,28,34,28,34,TR2
TT7,S2,S1,Transport OF=OF3 TF=TF5,69,74,69,74,TR1
TT8,S0,S2,Transport OF=OF6 TF=TF3,79,85,79,85,TR2
TT9,S2,S1,Transport OF=OF6 TF=TF3,85,90,85,90,TR1
TT10,S0,S2,Transport OF=OF1 TF=TF3,8,14,14,20,TR2
TT11,S2,S1,Transport OF=OF1 TF=TF3,14,19,32,37,TR1
TT12,S1,S2,Transport OF=OF1 TF=TF4,45,50,45,50,TR1
TT13,S1,S2,Transport OF=OF2 TF=TF3,24,29,37,42,TR1
TT14,S2,S1,Transport OF=OF2 TF=TF4,98,103,98,103,TR1
TT15,S1,S2,Transport OF=OF2 TF=TF6,179,184,179,184,TR1
TT16,S2,S0,Transport OF=OF2 TF=TF6,184,190,184,190,TR2
TT17,S0,S2,Transport OF=OF4 TF=TF2,20,26,20,26,TR2
TT18,S2,S1,Transport OF=OF4 TF=TF3,122,127,122,127,TR1
TT19,S1,S2,Transport OF=OF4 TF=TF4,147,152,147,152,TR1
TT20,S2,S1,Transport OF=OF4 TF=TF5,181,186,184,189,TR1
