TT,Origine,Destination,Reason,WP_debut,WP_fin,FP_debut,FP_fin,Transporteur
TT0,S0,S2,Transport OF=OF2 TF=TF2,8,14,8,14,TR2
TT1,S2,S1,Transport OF=OF2 TF=TF2,14,19,14,19,TR1
TT2,S1,S2,Transport OF=OF5 TF=TF2,22,27,22,27,TR1
TT3,S2,S0,Transport OF=OF5 TF=TF2,27,33,27,33,TR2
TT4,S1,S2,Transport OF=OF3 TF=TF3,18,23,27,32,TR1
TT5,S0,S2,Transport OF=OF5 TF=TF3,38,44,38,44,TR2
TT6,S2,S0,Transport OF=OF5 TF=TF5,63,69,63,69,TR2
TT7,S2,S0,Transport OF=OF3 TF=TF4,40,46,44,50,TR2
TT8,S2,S0,Transport OF=OF6 TF=TF2,28,34,50,56,TR2
TT9,S0,S2,Transport OF=OF6 TF=TF3,90,96,90,96,TR2
TT10,S2,S1,Transport OF=OF6 TF=TF3,96,101,96,101,TR1
TT11,S1,S2,Transport OF=OF6 TF=TF4,131,136,131,136,TR1
TT12,S2,S0,Transport OF=OF6 TF=TF4,136,142,136,142,TR2
TT13,S0,S2,Transport OF=OF6 TF=TF5,147,153,147,153,TR2
TT14,S2,S1,Transport OF=OF6 TF=TF5,153,158,153,158,TR1
TT15,S0,S2,Transport OF=OF1 TF=TF3,8,14,14,20,TR2
TT16,S2,S1,Transport OF=OF1 TF=TF3,14,19,32,37,TR1
TT17,S1,S2,Transport OF=OF1 TF=TF4,54,59,54,59,TR1
TT18,S1,S2,Transport OF=OF2 TF=TF3,24,29,37,42,TR1
TT19,S2,S0,Transport OF=OF2 TF=TF4,109,115,109,115,TR2
TT20,S0,S2,Transport OF=OF2 TF=TF5,131,137,153,159,TR2
TT21,S2,S1,Transport OF=OF2 TF=TF5,137,142,159,164,TR1
TT22,S1,S2,Transport OF=OF2 TF=TF6,194,199,194,199,TR1
TT23,S2,S0,Transport OF=OF2 TF=TF6,199,205,199,205,TR2
TT24,S0,S2,Transport OF=OF4 TF=TF2,20,26,20,26,TR2
TT25,S2,S0,Transport OF=OF4 TF=TF3,123,129,123,129,TR2
TT26,S0,S2,Transport OF=OF4 TF=TF6,177,183,177,183,TR2
TT27,S2,S1,Transport OF=OF4 TF=TF6,183,188,183,188,TR1
