TT,Origine,Destination,Reason,WP_debut,WP_fin,FP_debut,FP_fin,Transporteur
TT0,S0,S2,Transport OF=OF2 TF=TF2,8,14,8,14,TR2
TT1,S2,S1,Transport OF=OF2 TF=TF2,14,19,14,19,TR1
TT2,S1,S2,Transport OF=OF5 TF=TF2,22,27,22,27,TR1
TT3,S2,S0,Transport OF=OF5 TF=TF2,27,33,27,33,TR2
TT4,S1,S2,Transport OF=OF3 TF=TF3,18,23,27,32,TR1
TT5,S0,S2,Transport OF=OF5 TF=TF3,38,44,38,44,TR2
TT6,S2,S0,Transport OF=OF3 TF=TF4,40,46,44,50,TR2
TT7,S2,S0,Transport OF=OF5 TF=TF4,48,54,50,56,TR2
TT8,S1,S2,Transport OF=OF2 TF=TF3,24,29,32,37,TR1
TT9,S2,S1,Transport OF=OF2 TF=TF4,63,68,63,68,TR1
TT10,S2,S0,Transport OF=OF6 TF=TF2,28,34,56,62,TR2
TT11,S0,S2,Transport OF=OF6 TF=TF3,85,91,85,91,TR2
TT12,S2,S1,Transport OF=OF6 TF=TF3,91,96,91,96,TR1
TT13,S1,S2,Transport OF=OF6 TF=TF4,102,107,102,107,TR1
TT14,S2,S0,Transport OF=OF6 TF=TF4,107,113,107,113,TR2
TT15,S0,S2,Transport OF=OF4 TF=TF2,20,26,20,26,TR2
TT16,S2,S0,Transport OF=OF4 TF=TF3,90,96,91,97,TR2
TT17,S1,S2,Transport OF=OF2 TF=TF6,116,121,116,121,TR1
TT18,S2,S0,Transport OF=OF2 TF=TF6,121,127,121,127,TR2
TT19,S0,S2,Transport OF=OF6 TF=TF5,118,124,127,133,TR2
TT20,S2,S1,Transport OF=OF6 TF=TF5,124,129,133,138,TR1
TT21,S0,S2,Transport OF=OF4 TF=TF6,148,154,148,154,TR2
TT22,S2,S1,Transport OF=OF4 TF=TF6,154,159,154,159,TR1
TT23,S0,S2,Transport OF=OF1 TF=TF3,8,14,14,20,TR2
TT24,S2,S1,Transport OF=OF1 TF=TF3,14,19,37,42,TR1
TT25,S1,S2,Transport OF=OF1 TF=TF4,54,59,54,59,TR1
