{
  "TF": [
    {"of":"OF1","tf":"TF1","wp":{"start":0,"end":14},"fp":{"start":0,"end":3,"res":"M11"}},
    {"of":"OF2","tf":"TF1","wp":{"start":0,"end":26},"fp":{"start":3,"end":8,"res":"M11"}},
    {"of":"OF3","tf":"TF1","wp":{"start":0,"end":40},"fp":{"start":0,"end":10,"res":"M21"}},
    {"of":"OF4","tf":"TF1","wp":{"start":10,"end":48},"fp":{"start":10,"end":20,"res":"M12"}},
    {"of":"OF5","tf":"TF1","wp":{"start":15,"end":47},"fp":{"start":15,"end":22,"res":"M21"}},
    {"of":"OF6","tf":"TF1","wp":{"start":20,"end":55},"fp":{"start":20,"end":28,"res":"M31"}},
    {"of":"OF1","tf":"TF2","wp":{"start":3,"end":19},"fp":{"start":3,"end":8,"res":"M12"}},
    {"of":"OF2","tf":"TF2","wp":{"start":5,"end":31},"fp":{"start":19,"end":24,"res":"M22"}},
    {"of":"OF3","tf":"TF2","wp":{"start":10,"end":48},"fp":{"start":10,"end":18,"res":"M22"}},
    {"of":"OF4","tf":"TF2","wp":{"start":20,"end":58},"fp":{"start":96,"end":106,"res":"M31"}},
    {"of":"OF5","tf":"TF2","wp":{"start":22,"end":52},"fp":{"start":22,"end":27,"res":"M21"}},
    {"of":"OF6","tf":"TF2","wp":{"start":28,"end":64},"fp":{"start":70,"end":79,"res":"M12"}},
    {"of":"OF1","tf":"TF3","wp":{"start":8,"end":27},"fp":{"start":37,"end":45,"res":"M22"}},
    {"of":"OF2","tf":"TF3","wp":{"start":10,"end":41},"fp":{"start":82,"end":92,"res":"M31"}},
    {"of":"OF3","tf":"TF3","wp":{"start":18,"end":56},"fp":{"start":28,"end":36,"res":"M31"}},
    {"of":"OF5","tf":"TF3","wp":{"start":27,"end":56},"fp":{"start":36,"end":40,"res":"M31"}},
    {"of":"OF3","tf":"TF4","wp":{"start":26,"end":61},"fp":{"start":52,"end":57,"res":"M11"}},
    {"of":"OF5","tf":"TF4","wp":{"start":31,"end":59},"fp":{"start":46,"end":49,"res":"M11"}},
    {"of":"OF5","tf":"TF5","wp":{"start":34,"end":64},"fp":{"start":61,"end":66,"res":"M12"}},
    {"of":"OF5","tf":"TF6","wp":{"start":39,"end":70},"fp":{"start":90,"end":96,"res":"M11"}},
    {"of":"OF3","tf":"TF5","wp":{"start":31,"end":65},"fp":{"start":57,"end":61,"res":"M12"}},
    {"of":"OF6","tf":"TF3","wp":{"start":37,"end":70},"fp":{"start":114,"end":120,"res":"M21"}},
    {"of":"OF6","tf":"TF4","wp":{"start":43,"end":75},"fp":{"start":132,"end":137,"res":"M21"}},
    {"of":"OF6","tf":"TF5","wp":{"start":48,"end":85},"fp":{"start":161,"end":171,"res":"M21"}},
    {"of":"OF1","tf":"TF4","wp":{"start":16,"end":35},"fp":{"start":74,"end":82,"res":"M31"}},
    {"of":"OF2","tf":"TF4","wp":{"start":20,"end":45},"fp":{"start":109,"end":113,"res":"M21"}},
    {"of":"OF2","tf":"TF5","wp":{"start":24,"end":53},"fp":{"start":153,"end":161,"res":"M21"}},
    {"of":"OF2","tf":"TF6","wp":{"start":32,"end":60},"fp":{"start":208,"end":215,"res":"M12"}},
    {"of":"OF4","tf":"TF3","wp":{"start":30,"end":66},"fp":{"start":112,"end":120,"res":"M12"}},
    {"of":"OF4","tf":"TF4","wp":{"start":38,"end":71},"fp":{"start":120,"end":125,"res":"M12"}},
    {"of":"OF4","tf":"TF5","wp":{"start":43,"end":76},"fp":{"start":137,"end":142,"res":"M12"}},
    {"of":"OF4","tf":"TF6","wp":{"start":48,"end":80},"fp":{"start":207,"end":211,"res":"M21"}}
  ],
  "TM": [
    {"id":"TM0","machine":"M21","comp":"C11321","wp":{"start":3,"end":15},"fp":{"start":10,"end":13,"res":"MT2"}},
    {"id":"TM1","machine":"M12","comp":"C02211","wp":{"start":49,"end":61},"fp":{"start":49,"end":52,"res":"MT2"}},
    {"id":"TM2","machine":"M11","comp":"C01111","wp":{"start":78,"end":90},"fp":{"start":78,"end":82,"res":"MT1"}},
    {"id":"TM3","machine":"M11","comp":"C01121","wp":{"start":78,"end":90},"fp":{"start":78,"end":81,"res":"MT2"}},
    {"id":"TM4","machine":"M12","comp":"C02111","wp":{"start":54,"end":66},"fp":{"start":66,"end":70,"res":"MT1"}},
    {"id":"TM5","machine":"M12","comp":"C02121","wp":{"start":54,"end":66},"fp":{"start":54,"end":57,"res":"MT2"}},
    {"id":"TM6","machine":"M21","comp":"C11311","wp":{"start":102,"end":114},"fp":{"start":102,"end":106,"res":"MT1"}},
    {"id":"TM7","machine":"M21","comp":"C11321","wp":{"start":102,"end":114},"fp":{"start":102,"end":105,"res":"MT2"}},
    {"id":"TM8","machine":"M21","comp":"C11211","wp":{"start":120,"end":132},"fp":{"start":120,"end":124,"res":"MT1"}},
    {"id":"TM9","machine":"M21","comp":"C11311","wp":{"start":149,"end":161},"fp":{"start":149,"end":153,"res":"MT1"}},
    {"id":"TM10","machine":"M21","comp":"C11321","wp":{"start":149,"end":161},"fp":{"start":149,"end":152,"res":"MT2"}},
    {"id":"TM11","machine":"M22","comp":"C12311","wp":{"start":25,"end":37},"fp":{"start":25,"end":28,"res":"MT2"}},
    {"id":"TM12","machine":"M31","comp":"C21411","wp":{"start":62,"end":74},"fp":{"start":62,"end":65,"res":"MT2"}},
    {"id":"TM13","machine":"M31","comp":"C21421","wp":{"start":62,"end":74},"fp":{"start":62,"end":66,"res":"MT1"}},
    {"id":"TM14","machine":"M31","comp":"C21111","wp":{"start":70,"end":82},"fp":{"start":70,"end":74,"res":"MT1"}},
    {"id":"TM15","machine":"M31","comp":"C21121","wp":{"start":70,"end":82},"fp":{"start":70,"end":74,"res":"MT1"}},
    {"id":"TM16","machine":"M21","comp":"C11211","wp":{"start":97,"end":109},"fp":{"start":97,"end":101,"res":"MT1"}},
    {"id":"TM17","machine":"M21","comp":"C11311","wp":{"start":141,"end":153},"fp":{"start":141,"end":145,"res":"MT1"}},
    {"id":"TM18","machine":"M21","comp":"C11321","wp":{"start":141,"end":153},"fp":{"start":141,"end":144,"res":"MT2"}},
    {"id":"TM19","machine":"M12","comp":"C02111","wp":{"start":196,"end":208},"fp":{"start":196,"end":200,"res":"MT1"}},
    {"id":"TM20","machine":"M12","comp":"C02121","wp":{"start":196,"end":208},"fp":{"start":196,"end":199,"res":"MT2"}},
    {"id":"TM21","machine":"M12","comp":"C02211","wp":{"start":196,"end":208},"fp":{"start":196,"end":199,"res":"MT2"}},
    {"id":"TM22","machine":"M31","comp":"C21111","wp":{"start":80,"end":92},"fp":{"start":92,"end":96,"res":"MT1"}},
    {"id":"TM23","machine":"M31","comp":"C21121","wp":{"start":80,"end":92},"fp":{"start":92,"end":96,"res":"MT1"}},
    {"id":"TM24","machine":"M31","comp":"C21411","wp":{"start":80,"end":92},"fp":{"start":92,"end":95,"res":"MT2"}},
    {"id":"TM25","machine":"M31","comp":"C21421","wp":{"start":80,"end":92},"fp":{"start":92,"end":96,"res":"MT1"}},
    {"id":"TM26","machine":"M12","comp":"C02211","wp":{"start":125,"end":137},"fp":{"start":125,"end":128,"res":"MT2"}},
    {"id":"TM27","machine":"M21","comp":"C11211","wp":{"start":195,"end":207},"fp":{"start":200,"end":204,"res":"MT1"}},
    {"id":"TM28","machine":"M21","comp":"C11311","wp":{"start":195,"end":207},"fp":{"start":200,"end":204,"res":"MT1"}},
    {"id":"TM29","machine":"M21","comp":"C11321","wp":{"start":195,"end":207},"fp":{"start":200,"end":203,"res":"MT2"}}
  ],
  "TT": [
    {"id":"TT0","orig":"S0","dest":"S2","reason":"Transport OF=OF2 TF=TF2","wp":{"start":8,"end":14},"fp":{"start":8,"end":14,"res":"TR2"}},
    {"id":"TT1","orig":"S2","dest":"S1","reason":"Transport OF=OF2 TF=TF2","wp":{"start":14,"end":19},"fp":{"start":14,"end":19,"res":"TR1"}},
    {"id":"TT2","orig":"S1","dest":"S2","reason":"Transport OF=OF3 TF=TF3","wp":{"start":18,"end":23},"fp":{"start":19,"end":24,"res":"TR1"}},
    {"id":"TT3","orig":"S1","dest":"S2","reason":"Transport OF=OF5 TF=TF3","wp":{"start":27,"end":32},"fp":{"start":27,"end":32,"res":"TR1"}},
    {"id":"TT4","orig":"S2","dest":"S0","reason":"Transport OF=OF5 TF=TF4","wp":{"start":40,"end":46},"fp":{"start":40,"end":46,"res":"TR2"}},
    {"id":"TT5","orig":"S2","dest":"S0","reason":"Transport OF=OF3 TF=TF4","wp":{"start":36,"end":42},"fp":{"start":46,"end":52,"res":"TR2"}},
    {"id":"TT6","orig":"S2","dest":"S0","reason":"Transport OF=OF6 TF=TF2","wp":{"start":28,"end":34},"fp":{"start":28,"end":34,"res":"TR2"}},
    {"id":"TT7","orig":"S0","dest":"S2","reason":"Transport OF=OF6 TF=TF3","wp":{"start":79,"end":85},"fp":{"start":79,"end":85,"res":"TR2"}},
    {"id":"TT8","orig":"S2","dest":"S1","reason":"Transport OF=OF6 TF=TF3","wp":{"start":85,"end":90},"fp":{"start":85,"end":90,"res":"TR1"}},
    {"id":"TT9","orig":"S0","dest":"S2","reason":"Transport OF=OF1 TF=TF3","wp":{"start":8,"end":14},"fp":{"start":14,"end":20,"res":"TR2"}},
    {"id":"TT10","orig":"S2","dest":"S1","reason":"Transport OF=OF1 TF=TF3","wp":{"start":14,"end":19},"fp":{"start":32,"end":37,"res":"TR1"}},
    {"id":"TT11","orig":"S1","dest":"S2","reason":"Transport OF=OF1 TF=TF4","wp":{"start":45,"end":50},"fp":{"start":45,"end":50,"res":"TR1"}},
    {"id":"TT12","orig":"S1","dest":"S2","reason":"Transport OF=OF2 TF=TF3","wp":{"start":24,"end":29},"fp":{"start":37,"end":42,"res":"TR1"}},
    {"id":"TT13","orig":"S2","dest":"S1","reason":"Transport OF=OF2 TF=TF4","wp":{"start":92,"end":97},"fp":{"start":92,"end":97,"res":"TR1"}},
    {"id":"TT14","orig":"S1","dest":"S2","reason":"Transport OF=OF2 TF=TF6","wp":{"start":161,"end":166},"fp":{"start":161,"end":166,"res":"TR1"}},
    {"id":"TT15","orig":"S2","dest":"S0","reason":"Transport OF=OF2 TF=TF6","wp":{"start":166,"end":172},"fp":{"start":166,"end":172,"res":"TR2"}},
    {"id":"TT16","orig":"S0","dest":"S2","reason":"Transport OF=OF4 TF=TF2","wp":{"start":20,"end":26},"fp":{"start":20,"end":26,"res":"TR2"}},
    {"id":"TT17","orig":"S2","dest":"S0","reason":"Transport OF=OF4 TF=TF3","wp":{"start":106,"end":112},"fp":{"start":106,"end":112,"res":"TR2"}},
    {"id":"TT18","orig":"S0","dest":"S2","reason":"Transport OF=OF4 TF=TF6","wp":{"start":142,"end":148},"fp":{"start":142,"end":148,"res":"TR2"}},
    {"id":"TT19","orig":"S2","dest":"S1","reason":"Transport OF=OF4 TF=TF6","wp":{"start":148,"end":153},"fp":{"start":148,"end":153,"res":"TR1"}}
  ]
}
