TT,Origine,Destination,Reason,WP_debut,WP_fin,FP_debut,FP_fin,Transporteur
TT0,S0,S2,Transport OF=OF2 TF=TF2,8,14,8,14,TR2
TT1,S2,S1,Transport OF=OF2 TF=TF2,14,19,14,19,TR1
TT2,S1,S2,Transport OF=OF3 TF=TF3,18,23,19,24,TR1
TT3,S1,S2,Transport OF=OF5 TF=TF3,27,32,27,32,TR1
TT4,S2,S0,Transport OF=OF5 TF=TF4,40,46,40,46,TR2
TT5,S2,S0,Transport OF=OF3 TF=TF4,36,42,46,52,TR2
TT6,S2,S0,Transport OF=OF6 TF=TF2,28,34,28,34,TR2
TT7,S0,S2,Transport OF=OF6 TF=TF3,79,85,79,85,TR2
TT8,S2,S1,Transport OF=OF6 TF=TF3,85,90,85,90,TR1
TT9,S0,S2,Transport OF=OF1 TF=TF3,8,14,14,20,TR2
TT10,S2,S1,Transport OF=OF1 TF=TF3,14,19,32,37,TR1
TT11,S1,S2,Transport OF=OF1 TF=TF4,45,50,45,50,TR1
TT12,S1,S2,Transport OF=OF2 TF=TF3,24,29,37,42,TR1
TT13,S2,S1,Transport OF=OF2 TF=TF4,92,97,92,97,TR1
TT14,S1,S2,Transport OF=OF2 TF=TF6,161,166,161,166,TR1
TT15,S2,S0,Transport OF=OF2 TF=TF6,166,172,166,172,TR2
TT16,S0,S2,Transport OF=OF4 TF=TF2,20,26,20,26,TR2
TT17,S2,S0,Transport OF=OF4 TF=TF3,106,112,106,112,TR2
TT18,S0,S2,Transport OF=OF4 TF=TF6,142,148,142,148,TR2
TT19,S2,S1,Transport OF=OF4 TF=TF6,148,153,148,153,TR1
