{
  "TF": [
    {"of":"OF1","tf":"TF1","wp":{"start":0,"end":14},"fp":{"start":0,"end":3,"res":"M11"}},
    {"of":"OF2","tf":"TF1","wp":{"start":0,"end":26},"fp":{"start":3,"end":8,"res":"M11"}},
    {"of":"OF3","tf":"TF1","wp":{"start":0,"end":40},"fp":{"start":0,"end":10,"res":"M21"}},
    {"of":"OF4","tf":"TF1","wp":{"start":10,"end":48},"fp":{"start":10,"end":20,"res":"M12"}},
    {"of":"OF5","tf":"TF1","wp":{"start":15,"end":47},"fp":{"start":15,"end":22,"res":"M21"}},
    {"of":"OF6","tf":"TF1","wp":{"start":20,"end":55},"fp":{"start":20,"end":28,"res":"M31"}},
    {"of":"OF1","tf":"TF2","wp":{"start":3,"end":19},"fp":{"start":3,"end":8,"res":"M12"}},
    {"of":"OF2","tf":"TF2","wp":{"start":5,"end":31},"fp":{"start":19,"end":24,"res":"M22"}},
    {"of":"OF3","tf":"TF2","wp":{"start":10,"end":48},"fp":{"start":10,"end":18,"res":"M22"}},
    {"of":"OF4","tf":"TF2","wp":{"start":20,"end":58},"fp":{"start":79,"end":89,"res":"M31"}},
    {"of":"OF5","tf":"TF2","wp":{"start":22,"end":52},"fp":{"start":22,"end":27,"res":"M21"}},
    {"of":"OF6","tf":"TF2","wp":{"start":28,"end":64},"fp":{"start":34,"end":43,"res":"M12"}},
    {"of":"OF1","tf":"TF3","wp":{"start":8,"end":27},"fp":{"start":25,"end":33,"res":"M22"}},
    {"of":"OF2","tf":"TF3","wp":{"start":10,"end":41},"fp":{"start":59,"end":69,"res":"M31"}},
    {"of":"OF3","tf":"TF3","wp":{"start":18,"end":56},"fp":{"start":30,"end":38,"res":"M31"}},
    {"of":"OF5","tf":"TF3","wp":{"start":27,"end":56},"fp":{"start":38,"end":42,"res":"M31"}},
    {"of":"OF6","tf":"TF3","wp":{"start":37,"end":70},"fp":{"start":54,"end":60,"res":"M22"}},
    {"of":"OF1","tf":"TF4","wp":{"start":16,"end":35},"fp":{"start":42,"end":50,"res":"M31"}},
    {"of":"OF3","tf":"TF4","wp":{"start":26,"end":61},"fp":{"start":50,"end":55,"res":"M31"}},
    {"of":"OF5","tf":"TF4","wp":{"start":31,"end":59},"fp":{"start":55,"end":58,"res":"M31"}},
    {"of":"OF6","tf":"TF4","wp":{"start":43,"end":75},"fp":{"start":60,"end":65,"res":"M21"}},
    {"of":"OF3","tf":"TF5","wp":{"start":31,"end":65},"fp":{"start":61,"end":65,"res":"M12"}},
    {"of":"OF5","tf":"TF5","wp":{"start":34,"end":64},"fp":{"start":67,"end":72,"res":"M12"}},
    {"of":"OF6","tf":"TF5","wp":{"start":48,"end":85},"fp":{"start":65,"end":75,"res":"M21"}},
    {"of":"OF5","tf":"TF6","wp":{"start":39,"end":70},"fp":{"start":72,"end":78,"res":"M11"}},
    {"of":"OF2","tf":"TF4","wp":{"start":20,"end":45},"fp":{"start":75,"end":79,"res":"M12"}},
    {"of":"OF2","tf":"TF5","wp":{"start":24,"end":53},"fp":{"start":90,"end":98,"res":"M21"}},
    {"of":"OF2","tf":"TF6","wp":{"start":32,"end":60},"fp":{"start":109,"end":116,"res":"M12"}},
    {"of":"OF4","tf":"TF3","wp":{"start":30,"end":66},"fp":{"start":101,"end":109,"res":"M12"}},
    {"of":"OF4","tf":"TF4","wp":{"start":38,"end":71},"fp":{"start":109,"end":114,"res":"M11"}},
    {"of":"OF4","tf":"TF5","wp":{"start":43,"end":76},"fp":{"start":119,"end":124,"res":"M12"}},
    {"of":"OF4","tf":"TF6","wp":{"start":48,"end":80},"fp":{"start":135,"end":139,"res":"M21"}}
  ],
  "TM": [
    {"id":"TM0","machine":"M31","comp":"C21111","wp":{"start":55,"end":67},"fp":{"start":55,"end":59,"res":"MT1"}},
    {"id":"TM1","machine":"M12","comp":"C02211","wp":{"start":65,"end":77},"fp":{"start":65,"end":68,"res":"MT2"}},
    {"id":"TM2","machine":"M21","comp":"C11211","wp":{"start":53,"end":65},"fp":{"start":68,"end":72,"res":"MT1"}},
    {"id":"TM3","machine":"M21","comp":"C11311","wp":{"start":41,"end":53},"fp":{"start":41,"end":45,"res":"MT1"}},
    {"id":"TM4","machine":"M21","comp":"C11321","wp":{"start":29,"end":41},"fp":{"start":29,"end":32,"res":"MT2"}},
    {"id":"TM5","machine":"M31","comp":"C21111","wp":{"start":47,"end":59},"fp":{"start":72,"end":76,"res":"MT1"}},
    {"id":"TM6","machine":"M31","comp":"C21121","wp":{"start":35,"end":47},"fp":{"start":59,"end":63,"res":"MT1"}},
    {"id":"TM7","machine":"M31","comp":"C21411","wp":{"start":69,"end":81},"fp":{"start":76,"end":79,"res":"MT2"}},
    {"id":"TM8","machine":"M21","comp":"C11321","wp":{"start":78,"end":90},"fp":{"start":79,"end":82,"res":"MT2"}},
    {"id":"TM9","machine":"M12","comp":"C02111","wp":{"start":97,"end":109},"fp":{"start":97,"end":101,"res":"MT1"}},
    {"id":"TM10","machine":"M12","comp":"C02121","wp":{"start":85,"end":97},"fp":{"start":85,"end":88,"res":"MT2"}},
    {"id":"TM11","machine":"M31","comp":"C21111","wp":{"start":67,"end":79},"fp":{"start":101,"end":105,"res":"MT1"}},
    {"id":"TM12","machine":"M31","comp":"C21121","wp":{"start":55,"end":67},"fp":{"start":92,"end":96,"res":"MT1"}},
    {"id":"TM13","machine":"M31","comp":"C21421","wp":{"start":43,"end":55},"fp":{"start":88,"end":92,"res":"MT1"}},
    {"id":"TM14","machine":"M12","comp":"C02211","wp":{"start":109,"end":121},"fp":{"start":116,"end":119,"res":"MT2"}}
  ],
  "TT": [
    {"id":"TT0","orig":"S0","dest":"S2","reason":"Transport OF=OF2 TF=TF2","wp":{"start":8,"end":14},"fp":{"start":8,"end":14,"res":"TR2"}},
    {"id":"TT1","orig":"S2","dest":"S1","reason":"Transport OF=OF2 TF=TF2","wp":{"start":14,"end":19},"fp":{"start":14,"end":19,"res":"TR1"}},
    {"id":"TT2","orig":"S2","dest":"S0","reason":"Transport OF=OF6 TF=TF2","wp":{"start":28,"end":34},"fp":{"start":28,"end":34,"res":"TR2"}},
    {"id":"TT3","orig":"S0","dest":"S2","reason":"Transport OF=OF1 TF=TF3","wp":{"start":8,"end":14},"fp":{"start":14,"end":20,"res":"TR2"}},
    {"id":"TT4","orig":"S2","dest":"S1","reason":"Transport OF=OF1 TF=TF3","wp":{"start":14,"end":19},"fp":{"start":20,"end":25,"res":"TR1"}},
    {"id":"TT5","orig":"S1","dest":"S2","reason":"Transport OF=OF3 TF=TF3","wp":{"start":18,"end":23},"fp":{"start":25,"end":30,"res":"TR1"}},
    {"id":"TT6","orig":"S1","dest":"S2","reason":"Transport OF=OF5 TF=TF3","wp":{"start":27,"end":32},"fp":{"start":30,"end":35,"res":"TR1"}},
    {"id":"TT7","orig":"S0","dest":"S2","reason":"Transport OF=OF6 TF=TF3","wp":{"start":43,"end":49},"fp":{"start":43,"end":49,"res":"TR2"}},
    {"id":"TT8","orig":"S2","dest":"S1","reason":"Transport OF=OF6 TF=TF3","wp":{"start":49,"end":54},"fp":{"start":49,"end":54,"res":"TR1"}},
    {"id":"TT9","orig":"S1","dest":"S2","reason":"Transport OF=OF1 TF=TF4","wp":{"start":33,"end":38},"fp":{"start":35,"end":40,"res":"TR1"}},
    {"id":"TT10","orig":"S2","dest":"S0","reason":"Transport OF=OF3 TF=TF5","wp":{"start":55,"end":61},"fp":{"start":55,"end":61,"res":"TR2"}},
    {"id":"TT11","orig":"S2","dest":"S0","reason":"Transport OF=OF5 TF=TF5","wp":{"start":58,"end":64},"fp":{"start":61,"end":67,"res":"TR2"}},
    {"id":"TT12","orig":"S1","dest":"S2","reason":"Transport OF=OF2 TF=TF3","wp":{"start":24,"end":29},"fp":{"start":40,"end":45,"res":"TR1"}},
    {"id":"TT13","orig":"S2","dest":"S0","reason":"Transport OF=OF2 TF=TF4","wp":{"start":69,"end":75},"fp":{"start":69,"end":75,"res":"TR2"}},
    {"id":"TT14","orig":"S0","dest":"S2","reason":"Transport OF=OF2 TF=TF5","wp":{"start":79,"end":85},"fp":{"start":79,"end":85,"res":"TR2"}},
    {"id":"TT15","orig":"S2","dest":"S1","reason":"Transport OF=OF2 TF=TF5","wp":{"start":85,"end":90},"fp":{"start":85,"end":90,"res":"TR1"}},
    {"id":"TT16","orig":"S1","dest":"S2","reason":"Transport OF=OF2 TF=TF6","wp":{"start":98,"end":103},"fp":{"start":98,"end":103,"res":"TR1"}},
    {"id":"TT17","orig":"S2","dest":"S0","reason":"Transport OF=OF2 TF=TF6","wp":{"start":103,"end":109},"fp":{"start":103,"end":109,"res":"TR2"}},
    {"id":"TT18","orig":"S0","dest":"S2","reason":"Transport OF=OF4 TF=TF2","wp":{"start":20,"end":26},"fp":{"start":20,"end":26,"res":"TR2"}},
    {"id":"TT19","orig":"S2","dest":"S0","reason":"Transport OF=OF4 TF=TF3","wp":{"start":89,"end":95},"fp":{"start":89,"end":95,"res":"TR2"}},
    {"id":"TT20","orig":"S0","dest":"S2","reason":"Transport OF=OF4 TF=TF6","wp":{"start":124,"end":130},"fp":{"start":124,"end":130,"res":"TR2"}},
    {"id":"TT21","orig":"S2","dest":"S1","reason":"Transport OF=OF4 TF=TF6","wp":{"start":130,"end":135},"fp":{"start":130,"end":135,"res":"TR1"}}
  ]
}
