{
  "TF": [
    {"of":"OF1","tf":"TF1","wp":{"start":0,"end":14},"fp":{"start":0,"end":3,"res":"M11"}},
    {"of":"OF2","tf":"TF1","wp":{"start":0,"end":26},"fp":{"start":3,"end":8,"res":"M11"}},
    {"of":"OF3","tf":"TF1","wp":{"start":0,"end":40},"fp":{"start":0,"end":10,"res":"M21"}},
    {"of":"OF4","tf":"TF1","wp":{"start":10,"end":48},"fp":{"start":10,"end":20,"res":"M12"}},
    {"of":"OF5","tf":"TF1","wp":{"start":15,"end":47},"fp":{"start":15,"end":22,"res":"M21"}},
    {"of":"OF6","tf":"TF1","wp":{"start":20,"end":55},"fp":{"start":20,"end":28,"res":"M31"}},
    {"of":"OF1","tf":"TF2","wp":{"start":3,"end":19},"fp":{"start":3,"end":8,"res":"M12"}},
    {"of":"OF2","tf":"TF2","wp":{"start":5,"end":31},"fp":{"start":19,"end":24,"res":"M22"}},
    {"of":"OF3","tf":"TF2","wp":{"start":10,"end":48},"fp":{"start":10,"end":18,"res":"M22"}},
    {"of":"OF4","tf":"TF2","wp":{"start":20,"end":58},"fp":{"start":28,"end":38,"res":"M31"}},
    {"of":"OF5","tf":"TF2","wp":{"start":22,"end":52},"fp":{"start":22,"end":27,"res":"M21"}},
    {"of":"OF6","tf":"TF2","wp":{"start":28,"end":64},"fp":{"start":34,"end":43,"res":"M12"}},
    {"of":"OF1","tf":"TF3","wp":{"start":8,"end":27},"fp":{"start":25,"end":33,"res":"M22"}},
    {"of":"OF2","tf":"TF3","wp":{"start":10,"end":41},"fp":{"start":69,"end":79,"res":"M31"}},
    {"of":"OF3","tf":"TF3","wp":{"start":18,"end":56},"fp":{"start":42,"end":50,"res":"M31"}},
    {"of":"OF4","tf":"TF3","wp":{"start":30,"end":66},"fp":{"start":68,"end":76,"res":"M12"}},
    {"of":"OF5","tf":"TF3","wp":{"start":27,"end":56},"fp":{"start":50,"end":54,"res":"M31"}},
    {"of":"OF6","tf":"TF3","wp":{"start":37,"end":70},"fp":{"start":54,"end":60,"res":"M22"}},
    {"of":"OF1","tf":"TF4","wp":{"start":16,"end":35},"fp":{"start":61,"end":69,"res":"M31"}},
    {"of":"OF3","tf":"TF4","wp":{"start":26,"end":61},"fp":{"start":56,"end":61,"res":"M11"}},
    {"of":"OF5","tf":"TF4","wp":{"start":31,"end":59},"fp":{"start":54,"end":57,"res":"M31"}},
    {"of":"OF6","tf":"TF4","wp":{"start":43,"end":75},"fp":{"start":60,"end":65,"res":"M21"}},
    {"of":"OF3","tf":"TF5","wp":{"start":31,"end":65},"fp":{"start":61,"end":65,"res":"M12"}},
    {"of":"OF5","tf":"TF5","wp":{"start":34,"end":64},"fp":{"start":76,"end":81,"res":"M12"}},
    {"of":"OF6","tf":"TF5","wp":{"start":48,"end":85},"fp":{"start":65,"end":75,"res":"M21"}},
    {"of":"OF4","tf":"TF4","wp":{"start":38,"end":71},"fp":{"start":76,"end":81,"res":"M11"}},
    {"of":"OF5","tf":"TF6","wp":{"start":39,"end":70},"fp":{"start":81,"end":87,"res":"M11"}},
    {"of":"OF4","tf":"TF5","wp":{"start":43,"end":76},"fp":{"start":81,"end":86,"res":"M12"}},
    {"of":"OF4","tf":"TF6","wp":{"start":48,"end":80},"fp":{"start":97,"end":101,"res":"M21"}},
    {"of":"OF2","tf":"TF4","wp":{"start":20,"end":45},"fp":{"start":84,"end":88,"res":"M21"}},
    {"of":"OF2","tf":"TF5","wp":{"start":24,"end":53},"fp":{"start":88,"end":96,"res":"M21"}},
    {"of":"OF2","tf":"TF6","wp":{"start":32,"end":60},"fp":{"start":108,"end":115,"res":"M12"}}
  ],
  "TM": [
    {"id":"TM0","machine":"M31","comp":"C21111","wp":{"start":38,"end":50},"fp":{"start":38,"end":42,"res":"MT1"}},
    {"id":"TM1","machine":"M12","comp":"C02121","wp":{"start":43,"end":55},"fp":{"start":43,"end":46,"res":"MT2"}},
    {"id":"TM2","machine":"M31","comp":"C21121","wp":{"start":57,"end":69},"fp":{"start":57,"end":61,"res":"MT1"}},
    {"id":"TM3","machine":"M12","comp":"C02211","wp":{"start":65,"end":77},"fp":{"start":65,"end":68,"res":"MT2"}},
    {"id":"TM4","machine":"M21","comp":"C11211","wp":{"start":53,"end":65},"fp":{"start":53,"end":57,"res":"MT1"}},
    {"id":"TM5","machine":"M21","comp":"C11311","wp":{"start":41,"end":53},"fp":{"start":46,"end":50,"res":"MT1"}},
    {"id":"TM6","machine":"M21","comp":"C11321","wp":{"start":29,"end":41},"fp":{"start":29,"end":32,"res":"MT2"}},
    {"id":"TM7","machine":"M31","comp":"C21411","wp":{"start":49,"end":61},"fp":{"start":61,"end":64,"res":"MT2"}},
    {"id":"TM8","machine":"M31","comp":"C21111","wp":{"start":57,"end":69},"fp":{"start":73,"end":77,"res":"MT1"}},
    {"id":"TM9","machine":"M31","comp":"C21421","wp":{"start":45,"end":57},"fp":{"start":69,"end":73,"res":"MT1"}},
    {"id":"TM10","machine":"M21","comp":"C11211","wp":{"start":76,"end":88},"fp":{"start":88,"end":92,"res":"MT1"}},
    {"id":"TM11","machine":"M21","comp":"C11311","wp":{"start":64,"end":76},"fp":{"start":77,"end":81,"res":"MT1"}},
    {"id":"TM12","machine":"M21","comp":"C11321","wp":{"start":52,"end":64},"fp":{"start":81,"end":84,"res":"MT2"}},
    {"id":"TM13","machine":"M12","comp":"C02111","wp":{"start":96,"end":108},"fp":{"start":96,"end":100,"res":"MT1"}},
    {"id":"TM14","machine":"M12","comp":"C02211","wp":{"start":84,"end":96},"fp":{"start":92,"end":95,"res":"MT2"}}
  ],
  "TT": [
    {"id":"TT0","orig":"S0","dest":"S2","reason":"Transport OF=OF2 TF=TF2","wp":{"start":8,"end":14},"fp":{"start":8,"end":14,"res":"TR2"}},
    {"id":"TT1","orig":"S2","dest":"S1","reason":"Transport OF=OF2 TF=TF2","wp":{"start":14,"end":19},"fp":{"start":14,"end":19,"res":"TR1"}},
    {"id":"TT2","orig":"S0","dest":"S2","reason":"Transport OF=OF4 TF=TF2","wp":{"start":20,"end":26},"fp":{"start":20,"end":26,"res":"TR2"}},
    {"id":"TT3","orig":"S2","dest":"S0","reason":"Transport OF=OF6 TF=TF2","wp":{"start":28,"end":34},"fp":{"start":28,"end":34,"res":"TR2"}},
    {"id":"TT4","orig":"S0","dest":"S2","reason":"Transport OF=OF1 TF=TF3","wp":{"start":8,"end":14},"fp":{"start":14,"end":20,"res":"TR2"}},
    {"id":"TT5","orig":"S2","dest":"S1","reason":"Transport OF=OF1 TF=TF3","wp":{"start":14,"end":19},"fp":{"start":20,"end":25,"res":"TR1"}},
    {"id":"TT6","orig":"S1","dest":"S2","reason":"Transport OF=OF3 TF=TF3","wp":{"start":18,"end":23},"fp":{"start":25,"end":30,"res":"TR1"}},
    {"id":"TT7","orig":"S1","dest":"S2","reason":"Transport OF=OF5 TF=TF3","wp":{"start":27,"end":32},"fp":{"start":30,"end":35,"res":"TR1"}},
    {"id":"TT8","orig":"S0","dest":"S2","reason":"Transport OF=OF6 TF=TF3","wp":{"start":43,"end":49},"fp":{"start":43,"end":49,"res":"TR2"}},
    {"id":"TT9","orig":"S2","dest":"S1","reason":"Transport OF=OF6 TF=TF3","wp":{"start":49,"end":54},"fp":{"start":49,"end":54,"res":"TR1"}},
    {"id":"TT10","orig":"S2","dest":"S0","reason":"Transport OF=OF3 TF=TF4","wp":{"start":50,"end":56},"fp":{"start":50,"end":56,"res":"TR2"}},
    {"id":"TT11","orig":"S2","dest":"S0","reason":"Transport OF=OF4 TF=TF3","wp":{"start":38,"end":44},"fp":{"start":56,"end":62,"res":"TR2"}},
    {"id":"TT12","orig":"S2","dest":"S0","reason":"Transport OF=OF5 TF=TF5","wp":{"start":57,"end":63},"fp":{"start":62,"end":68,"res":"TR2"}},
    {"id":"TT13","orig":"S0","dest":"S2","reason":"Transport OF=OF4 TF=TF6","wp":{"start":86,"end":92},"fp":{"start":86,"end":92,"res":"TR2"}},
    {"id":"TT14","orig":"S2","dest":"S1","reason":"Transport OF=OF4 TF=TF6","wp":{"start":92,"end":97},"fp":{"start":92,"end":97,"res":"TR1"}},
    {"id":"TT15","orig":"S1","dest":"S2","reason":"Transport OF=OF1 TF=TF4","wp":{"start":33,"end":38},"fp":{"start":35,"end":40,"res":"TR1"}},
    {"id":"TT16","orig":"S1","dest":"S2","reason":"Transport OF=OF2 TF=TF3","wp":{"start":24,"end":29},"fp":{"start":40,"end":45,"res":"TR1"}},
    {"id":"TT17","orig":"S2","dest":"S1","reason":"Transport OF=OF2 TF=TF4","wp":{"start":79,"end":84},"fp":{"start":79,"end":84,"res":"TR1"}},
    {"id":"TT18","orig":"S1","dest":"S2","reason":"Transport OF=OF2 TF=TF6","wp":{"start":96,"end":101},"fp":{"start":97,"end":102,"res":"TR1"}},
    {"id":"TT19","orig":"S2","dest":"S0","reason":"Transport OF=OF2 TF=TF6","wp":{"start":101,"end":107},"fp":{"start":102,"end":108,"res":"TR2"}}
  ]
}
