TT,Origine,Destination,Reason,WP_debut,WP_fin,FP_debut,FP_fin,Transporteur
TT0,S0,S2,Transport OF=OF2 TF=TF2,8,14,8,14,TR2
TT1,S2,S1,Transport OF=OF2 TF=TF2,14,19,14,19,TR1
TT2,S0,S2,Transport OF=OF4 TF=TF2,20,26,20,26,TR2
TT3,S2,S0,Transport OF=OF6 TF=TF2,28,34,28,34,TR2
TT4,S0,S2,Transport OF=OF1 TF=TF3,8,14,14,20,TR2
TT5,S2,S1,Transport OF=OF1 TF=TF3,14,19,20,25,TR1
TT6,S1,S2,Transport OF=OF3 TF=TF3,18,23,25,30,TR1
TT7,S1,S2,Transport OF=OF5 TF=TF3,27,32,30,35,TR1
TT8,S0,S2,Transport OF=OF6 TF=TF3,43,49,43,49,TR2
TT9,S2,S1,Transport OF=OF6 TF=TF3,49,54,49,54,TR1
TT10,S2,S0,Transport OF=OF3 TF=TF4,50,56,50,56,TR2
TT11,S2,S0,Transport OF=OF4 TF=TF3,38,44,56,62,TR2
TT12,S2,S0,Transport OF=OF5 TF=TF5,57,63,62,68,TR2
TT13,S0,S2,Transport OF=OF4 TF=TF6,86,92,86,92,TR2
TT14,S2,S1,Transport OF=OF4 TF=TF6,92,97,92,97,TR1
TT15,S1,S2,Transport OF=OF1 TF=TF4,33,38,35,40,TR1
TT16,S1,S2,Transport OF=OF2 TF=TF3,24,29,40,45,TR1
TT17,S2,S1,Transport OF=OF2 TF=TF4,79,84,79,84,TR1
TT18,S1,S2,Transport OF=OF2 TF=TF6,96,101,97,102,TR1
TT19,S2,S0,Transport OF=OF2 TF=TF6,101,107,102,108,TR2
