{
  "TF": [
    {"of":"OF1","tf":"TF1","wp":{"start":0,"end":14},"fp":{"start":0,"end":3,"res":"M11"}},
    {"of":"OF2","tf":"TF1","wp":{"start":0,"end":26},"fp":{"start":3,"end":8,"res":"M11"}},
    {"of":"OF3","tf":"TF1","wp":{"start":0,"end":40},"fp":{"start":0,"end":10,"res":"M21"}},
    {"of":"OF4","tf":"TF1","wp":{"start":10,"end":48},"fp":{"start":10,"end":20,"res":"M12"}},
    {"of":"OF5","tf":"TF1","wp":{"start":15,"end":47},"fp":{"start":15,"end":22,"res":"M21"}},
    {"of":"OF6","tf":"TF1","wp":{"start":20,"end":55},"fp":{"start":20,"end":28,"res":"M31"}},
    {"of":"OF1","tf":"TF2","wp":{"start":3,"end":19},"fp":{"start":3,"end":8,"res":"M12"}},
    {"of":"OF2","tf":"TF2","wp":{"start":5,"end":31},"fp":{"start":19,"end":24,"res":"M22"}},
    {"of":"OF3","tf":"TF2","wp":{"start":10,"end":48},"fp":{"start":10,"end":18,"res":"M22"}},
    {"of":"OF4","tf":"TF2","wp":{"start":20,"end":58},"fp":{"start":70,"end":80,"res":"M31"}},
    {"of":"OF5","tf":"TF2","wp":{"start":22,"end":52},"fp":{"start":22,"end":27,"res":"M21"}},
    {"of":"OF6","tf":"TF2","wp":{"start":28,"end":64},"fp":{"start":34,"end":43,"res":"M12"}},
    {"of":"OF1","tf":"TF3","wp":{"start":8,"end":27},"fp":{"start":25,"end":33,"res":"M22"}},
    {"of":"OF2","tf":"TF3","wp":{"start":10,"end":41},"fp":{"start":58,"end":68,"res":"M31"}},
    {"of":"OF3","tf":"TF3","wp":{"start":18,"end":56},"fp":{"start":30,"end":38,"res":"M31"}},
    {"of":"OF5","tf":"TF3","wp":{"start":27,"end":56},"fp":{"start":38,"end":42,"res":"M31"}},
    {"of":"OF1","tf":"TF4","wp":{"start":16,"end":35},"fp":{"start":42,"end":50,"res":"M31"}},
    {"of":"OF3","tf":"TF4","wp":{"start":26,"end":61},"fp":{"start":50,"end":55,"res":"M31"}},
    {"of":"OF5","tf":"TF4","wp":{"start":31,"end":59},"fp":{"start":55,"end":58,"res":"M31"}},
    {"of":"OF3","tf":"TF5","wp":{"start":31,"end":65},"fp":{"start":60,"end":64,"res":"M21"}},
    {"of":"OF5","tf":"TF5","wp":{"start":34,"end":64},"fp":{"start":65,"end":70,"res":"M21"}},
    {"of":"OF5","tf":"TF6","wp":{"start":39,"end":70},"fp":{"start":81,"end":87,"res":"M11"}},
    {"of":"OF6","tf":"TF3","wp":{"start":37,"end":70},"fp":{"start":54,"end":60,"res":"M22"}},
    {"of":"OF6","tf":"TF4","wp":{"start":43,"end":75},"fp":{"start":87,"end":92,"res":"M12"}},
    {"of":"OF6","tf":"TF5","wp":{"start":48,"end":85},"fp":{"start":103,"end":113,"res":"M21"}},
    {"of":"OF2","tf":"TF4","wp":{"start":20,"end":45},"fp":{"start":83,"end":87,"res":"M21"}},
    {"of":"OF2","tf":"TF5","wp":{"start":24,"end":53},"fp":{"start":95,"end":103,"res":"M21"}},
    {"of":"OF2","tf":"TF6","wp":{"start":32,"end":60},"fp":{"start":114,"end":121,"res":"M12"}},
    {"of":"OF4","tf":"TF3","wp":{"start":30,"end":66},"fp":{"start":106,"end":114,"res":"M12"}},
    {"of":"OF4","tf":"TF4","wp":{"start":38,"end":71},"fp":{"start":114,"end":119,"res":"M11"}},
    {"of":"OF4","tf":"TF5","wp":{"start":43,"end":76},"fp":{"start":121,"end":126,"res":"M12"}},
    {"of":"OF4","tf":"TF6","wp":{"start":48,"end":80},"fp":{"start":137,"end":141,"res":"M21"}}
  ],
  "TM": [
    {"id":"TM0","machine":"M12","comp":"C02121","wp":{"start":22,"end":34},"fp":{"start":22,"end":25,"res":"MT2"}},
    {"id":"TM1","machine":"M21","comp":"C11211","wp":{"start":91,"end":103},"fp":{"start":91,"end":95,"res":"MT1"}},
    {"id":"TM2","machine":"M21","comp":"C11311","wp":{"start":79,"end":91},"fp":{"start":79,"end":83,"res":"MT1"}},
    {"id":"TM3","machine":"M21","comp":"C11321","wp":{"start":67,"end":79},"fp":{"start":70,"end":73,"res":"MT2"}},
    {"id":"TM4","machine":"M31","comp":"C21111","wp":{"start":46,"end":58},"fp":{"start":66,"end":70,"res":"MT1"}},
    {"id":"TM5","machine":"M31","comp":"C21121","wp":{"start":34,"end":46},"fp":{"start":62,"end":66,"res":"MT1"}},
    {"id":"TM6","machine":"M31","comp":"C21421","wp":{"start":22,"end":34},"fp":{"start":58,"end":62,"res":"MT1"}},
    {"id":"TM7","machine":"M21","comp":"C11321","wp":{"start":83,"end":95},"fp":{"start":87,"end":90,"res":"MT2"}},
    {"id":"TM8","machine":"M21","comp":"C11211","wp":{"start":103,"end":115},"fp":{"start":113,"end":117,"res":"MT1"}},
    {"id":"TM9","machine":"M12","comp":"C02111","wp":{"start":102,"end":114},"fp":{"start":102,"end":106,"res":"MT1"}},
    {"id":"TM10","machine":"M12","comp":"C02211","wp":{"start":90,"end":102},"fp":{"start":95,"end":98,"res":"MT2"}},
    {"id":"TM11","machine":"M31","comp":"C21111","wp":{"start":58,"end":70},"fp":{"start":83,"end":87,"res":"MT1"}},
    {"id":"TM12","machine":"M31","comp":"C21121","wp":{"start":46,"end":58},"fp":{"start":73,"end":77,"res":"MT1"}},
    {"id":"TM13","machine":"M31","comp":"C21411","wp":{"start":34,"end":46},"fp":{"start":98,"end":101,"res":"MT2"}},
    {"id":"TM14","machine":"M21","comp":"C11311","wp":{"start":125,"end":137},"fp":{"start":125,"end":129,"res":"MT1"}}
  ],
  "TT": [
    {"id":"TT0","orig":"S0","dest":"S2","reason":"Transport OF=OF2 TF=TF2","wp":{"start":8,"end":14},"fp":{"start":8,"end":14,"res":"TR2"}},
    {"id":"TT1","orig":"S2","dest":"S1","reason":"Transport OF=OF2 TF=TF2","wp":{"start":14,"end":19},"fp":{"start":14,"end":19,"res":"TR1"}},
    {"id":"TT2","orig":"S0","dest":"S2","reason":"Transport OF=OF1 TF=TF3","wp":{"start":8,"end":14},"fp":{"start":14,"end":20,"res":"TR2"}},
    {"id":"TT3","orig":"S2","dest":"S1","reason":"Transport OF=OF1 TF=TF3","wp":{"start":14,"end":19},"fp":{"start":20,"end":25,"res":"TR1"}},
    {"id":"TT4","orig":"S1","dest":"S2","reason":"Transport OF=OF3 TF=TF3","wp":{"start":18,"end":23},"fp":{"start":25,"end":30,"res":"TR1"}},
    {"id":"TT5","orig":"S1","dest":"S2","reason":"Transport OF=OF5 TF=TF3","wp":{"start":27,"end":32},"fp":{"start":30,"end":35,"res":"TR1"}},
    {"id":"TT6","orig":"S1","dest":"S2","reason":"Transport OF=OF1 TF=TF4","wp":{"start":33,"end":38},"fp":{"start":35,"end":40,"res":"TR1"}},
    {"id":"TT7","orig":"S2","dest":"S1","reason":"Transport OF=OF3 TF=TF5","wp":{"start":55,"end":60},"fp":{"start":55,"end":60,"res":"TR1"}},
    {"id":"TT8","orig":"S2","dest":"S1","reason":"Transport OF=OF5 TF=TF5","wp":{"start":58,"end":63},"fp":{"start":60,"end":65,"res":"TR1"}},
    {"id":"TT9","orig":"S1","dest":"S2","reason":"Transport OF=OF5 TF=TF6","wp":{"start":70,"end":75},"fp":{"start":70,"end":75,"res":"TR1"}},
    {"id":"TT10","orig":"S2","dest":"S0","reason":"Transport OF=OF5 TF=TF6","wp":{"start":75,"end":81},"fp":{"start":75,"end":81,"res":"TR2"}},
    {"id":"TT11","orig":"S2","dest":"S0","reason":"Transport OF=OF6 TF=TF2","wp":{"start":28,"end":34},"fp":{"start":28,"end":34,"res":"TR2"}},
    {"id":"TT12","orig":"S0","dest":"S2","reason":"Transport OF=OF6 TF=TF3","wp":{"start":43,"end":49},"fp":{"start":43,"end":49,"res":"TR2"}},
    {"id":"TT13","orig":"S2","dest":"S1","reason":"Transport OF=OF6 TF=TF3","wp":{"start":49,"end":54},"fp":{"start":49,"end":54,"res":"TR1"}},
    {"id":"TT14","orig":"S1","dest":"S2","reason":"Transport OF=OF6 TF=TF4","wp":{"start":60,"end":65},"fp":{"start":65,"end":70,"res":"TR1"}},
    {"id":"TT15","orig":"S2","dest":"S0","reason":"Transport OF=OF6 TF=TF4","wp":{"start":65,"end":71},"fp":{"start":81,"end":87,"res":"TR2"}},
    {"id":"TT16","orig":"S0","dest":"S2","reason":"Transport OF=OF6 TF=TF5","wp":{"start":92,"end":98},"fp":{"start":92,"end":98,"res":"TR2"}},
    {"id":"TT17","orig":"S2","dest":"S1","reason":"Transport OF=OF6 TF=TF5","wp":{"start":98,"end":103},"fp":{"start":98,"end":103,"res":"TR1"}},
    {"id":"TT18","orig":"S1","dest":"S2","reason":"Transport OF=OF2 TF=TF3","wp":{"start":24,"end":29},"fp":{"start":40,"end":45,"res":"TR1"}},
    {"id":"TT19","orig":"S2","dest":"S1","reason":"Transport OF=OF2 TF=TF4","wp":{"start":68,"end":73},"fp":{"start":75,"end":80,"res":"TR1"}},
    {"id":"TT20","orig":"S1","dest":"S2","reason":"Transport OF=OF2 TF=TF6","wp":{"start":103,"end":108},"fp":{"start":103,"end":108,"res":"TR1"}},
    {"id":"TT21","orig":"S2","dest":"S0","reason":"Transport OF=OF2 TF=TF6","wp":{"start":108,"end":114},"fp":{"start":108,"end":114,"res":"TR2"}},
    {"id":"TT22","orig":"S0","dest":"S2","reason":"Transport OF=OF4 TF=TF2","wp":{"start":20,"end":26},"fp":{"start":20,"end":26,"res":"TR2"}},
    {"id":"TT23","orig":"S2","dest":"S0","reason":"Transport OF=OF4 TF=TF3","wp":{"start":80,"end":86},"fp":{"start":98,"end":104,"res":"TR2"}},
    {"id":"TT24","orig":"S0","dest":"S2","reason":"Transport OF=OF4 TF=TF6","wp":{"start":126,"end":132},"fp":{"start":126,"end":132,"res":"TR2"}},
    {"id":"TT25","orig":"S2","dest":"S1","reason":"Transport OF=OF4 TF=TF6","wp":{"start":132,"end":137},"fp":{"start":132,"end":137,"res":"TR1"}}
  ]
}
