TT,Origine,Destination,Reason,WP_debut,WP_fin,FP_debut,FP_fin,Transporteur
TT0,S0,S2,Transport OF=OF2 TF=TF2,8,14,8,14,TR2
TT1,S2,S1,Transport OF=OF2 TF=TF2,14,19,14,19,TR1
TT2,S1,S2,Transport OF=OF5 TF=TF2,22,27,22,27,TR1
TT3,S2,S0,Transport OF=OF5 TF=TF2,27,33,27,33,TR2
TT4,S1,S2,Transport OF=OF3 TF=TF3,18,23,27,32,TR1
TT5,S0,S2,Transport OF=OF5 TF=TF3,38,44,38,44,TR2
TT6,S2,S0,Transport OF=OF5 TF=TF4,48,54,48,54,TR2
TT7,S2,S0,Transport OF=OF3 TF=TF4,40,46,54,60,TR2
TT8,S0,S2,Transport OF=OF3 TF=TF5,65,71,65,71,TR2
TT9,S2,S1,Transport OF=OF3 TF=TF5,71,76,71,76,TR1
TT10,S2,S0,Transport OF=OF6 TF=TF2,28,34,71,77,TR2
TT11,S0,S2,Transport OF=OF6 TF=TF3,86,92,86,92,TR2
TT12,S2,S1,Transport OF=OF6 TF=TF3,92,97,92,97,TR1
TT13,S1,S2,Transport OF=OF6 TF=TF4,127,132,127,132,TR1
TT14,S2,S0,Transport OF=OF6 TF=TF4,132,138,132,138,TR2
TT15,S0,S2,Transport OF=OF6 TF=TF5,143,149,143,149,TR2
TT16,S2,S1,Transport OF=OF6 TF=TF5,149,154,149,154,TR1
TT17,S0,S2,Transport OF=OF1 TF=TF3,8,14,14,20,TR2
TT18,S2,S1,Transport OF=OF1 TF=TF3,14,19,32,37,TR1
TT19,S1,S2,Transport OF=OF1 TF=TF4,54,59,54,59,TR1
TT20,S1,S2,Transport OF=OF2 TF=TF3,24,29,37,42,TR1
TT21,S2,S1,Transport OF=OF2 TF=TF4,101,106,101,106,TR1
TT22,S1,S2,Transport OF=OF2 TF=TF6,171,176,171,176,TR1
TT23,S2,S0,Transport OF=OF2 TF=TF6,176,182,176,182,TR2
TT24,S0,S2,Transport OF=OF4 TF=TF2,20,26,20,26,TR2
TT25,S2,S0,Transport OF=OF4 TF=TF3,115,121,115,121,TR2
TT26,S0,S2,Transport OF=OF4 TF=TF5,146,152,149,155,TR2
TT27,S2,S1,Transport OF=OF4 TF=TF5,152,157,155,160,TR1
